record_id,unnamed_0,data_da_entrevista,prontuário,nome,fone,data_de_nascimento,idade_na_entrevista,sexo,idade_atual,naturalidade,profissão,cor,estado_civil,escolaridade,sinais_e_sintomas,amp_dm,tempo,medicação,dose,amp_predm,amp_has,tempo1,medicação1,dose1,amp_dislipidemia,tempo2,medicação2,dose2,dai,qual,tempo3,pancreatite,doença_coronariana,bronquiectasia,tabagismo,tempo_2,etilismo,tempo1_2,menstruação,gestação,g,p,a,menopausa,tempo4,exercico,hf_dm1,unnamed_47,hf_dm2,quem,hf_dislipidemia,quem1,hf_has,quem2,dcv,quem3,obesidade,quem4,doença_autoimune,quem5,qual_2,pais_consanguineos,peso,altura,imc,ca,classificaçâo,cq,cp,ccd,cce,pas,pad,fc,an,local,prega_de_coxa,prega_de_braço_esquerdo,prega_suescapular,prega_da_panturrilha,índice_de_köb,mr,escore_ca,igf1,homair,insulina,peptideo_c,gj,hba1c,leptina,ur,cr,função_renal,tgo,tgp,ggt,fa,tsh,t4l,cpk,ct,ldl,hdl,tg,nhdl,vldl,ttgo,albuminuria,microalbuminuria,racr,unnamed_110,us_de_abdome,imc1,dmo,imma,img,gv,androide,gtgp,ag,ginóide,mma,mm_tronco,gc,mgmmii,mmmmi,mgmmss,mmmmss,mmtro,mgtr,unnamed_130,unnamed_131,unnamed_132,unnamed_133,eco,elastografia,elastografia_por_us,doppler_de_carótidas,us_de_tiróide,teste_genético
1,1.0,,13820753,Arthur Da Silva Oliveira,98985973912,2016-05-13,4.0,2,,Paulino Neves,ESTUDANTE,3,1,fun incom,,2,,,nan,1,2,,,,1,01 ANOS,2,,2,,,2,5,2,2,,2,,4,4,4,,,3,,4,2,,1,AVÓ MATERNA/ TIA MATERNA,1,AVÓ MATERNA/TIA MATERNA,1,"AVÓS, TIOS E TIAS MATERNOS/ AVÔ PATERNO",1,AVÔ PATERNO,1,TIA E SOBRINHA MATERNA,1,,REUMATISMO,1,17.35,110.0,14.33,53.0,,54.5,27.5,32.0,32.5,,,65.0,1,"01,02,03",,,,,,,,,5.2,22.0,3.44,92.0,5.0,0.7,43.0,0.43,>90,22.0,22.0,24.0,263.0,3.0,1.4,,111.0,54.0,33.0,165.0,78.0,24.0,,4,,,,normal,14.33,0.727,4.95,2.35,,8.9,,0.74,11.6,6.0,8.4,13.6,,,,,,,,,,,AUMENTO DE ESPESSURA DE MIOCARDIO DE VE/ INSUFICIÊCIA TRICUSPIDE DISCRETA/DERRAME PERICÁRDICO MÍNIMO,NÃO REALIZADA (IDADE),,NÃO REALIZADA (IDADE),,TESTE GENÉTICO + PARA LPF TIPO 2
2,2.0,,13595377,Ana Sophia Macedo Nogueira,98999705485,2013-05-12,8.0,1,,Barreirinhas,ESTUDANTE,1,1,fun incom,,2,,,nan,1,2,,,,2,,,,2,,,2,5,2,2,,2,,0,0,0,,,2,,1,2,,2,,2,,2,,2,,2,,2,,,2,26.0,124.0,,60.0,,59.0,28.0,35.0,35.0,,,,1,"01,02,03",,,,,,,,183.0,3.35,17.0,2.01,80.0,5.3,0.3,19.0,0.4,>90,24.0,31.0,18.0,307.0,1.5,1.3,,95.0,44.0,23.0,201.0,72.0,28.0,,,,,, Esteatose hepática grau 1,16.9,0.699,5.52,1.81,,6.0,,0.65,9.1,9.2,11.9,10.8,,,,,,,,,,,,NÃO REALIZADA (IDADE),,NÃO REALIZADA (IDADE),,TESTE GENÉTICO + PARA LPF TIPO 2
3,3.0,,13434390,Rosa Maria Silva Machado,98989157080,1971-11-26,49.0,1,,Santa Luzia,PEDAGOGA,1,2,3oGRAU,,2,,Rosuvastatina,nan,1,1,8,LOSARTANA,100,1,7,ROSUVASTATINA,20,2,,,2,5,2,2,,2,,4,2,2,,,1,2013,3,2,,1,MÃE/AVÓ MATERNA,1,MÃE,1,MÃE,2,,2,,1,MÃE /IRMÃ,HIPOTIROIDISMO,2,80.2,158.0,32.1,97.0,,105.0,35.0,55.0,52.0,140.0,80.0,92.0,1,"01,03",20.0,19,23.0,11.0,2.09,,0.0,,5.7,23.0,4.23,101.0,6.2,23.4,37.0,0.77,>90,19.0,13.0,46.0,72.0,2.6,1.0,,177.0,100.0,41.0,250.0,136.0,36.0,,21,,,,ESTEATOSE HEPATICA LEVE. VESCIULA BILIAR HIPODISTENDIDA ,31.6,1.266,7.85,13.2,1.186,45.6,1.46,0.95,48.2,20.1,14.6,43.4,,,,,,,,,,,AUMENTO DA ESPESSURA RELATIVA DE VE/DISFUNÇÃO DIASTOLICA DE VE DISCRETA/INSUFICIÊNCIA MITRAL DISCRETA,F2; S1,,SISTEMA CAROTIDEO DIREITO COM PLACA HETEROGÊNEA NA BIFURCAÇÃO COM ESTENOSE <50%,"DAI COM NÓDULO < 1 CM, TIRADS 4",TESTE GENÉTICO NEGATIVO
4,4.0,,3777154,Aquila Cilicia Silva Serejo,98988776104,1986-08-25,34.0,1,,São Luis,ESTUDANTE,1,1,UNIVERSITÁRIA,,1,8,PIOGLITAZONA 45/ GLICAZIDA 120,45/120,2,2,,,,1,,CIPROFIBRATO ,100,2,,,2,5,2,2,,2,,2,0,0,,,2,,1,2,,1,PAI/MÃE/AVÔ PATERNO/PRIMOS,1,PAI E IRMÃO PATERNO,1,PAI,2,,2,,2,,,2,73.9,1.62,28.1,95.5,,104.0,41.5,46.0,47.0,110.0,80.0,76.0,1,"01,03,04",,,,,,,0.0,,,,4.52,192.0,8.3,1.6,25.0,0.51,>90,18.0,19.0,34.0,61.0,2.4,1.0,,152.0,81.0,29.0,351.0,123.0,42.0,,16,,,,esteatose moderada,26.9,1.015,7.2,9.87,1.436,47.2,2.97,1.29,36.5,19.7,21.2,37,,,,,,,,,,,NORMAL,F0/F1; S3,,NORMAL,,TESTE GENÉTICO NEGATIVO
5,5.0,,1618822,Francys Regina Cardoso Rosa,98988203414,1973-08-19,47.0,1,,São Luis,ARQUITETA,1,4,3oGRAU,,1,27,APIDRA/GLARGINA/PIOGLITAZONA/METFORMINA,"14/42/45/1,5/20/10",2,2,,,,1,27,ATORVASTATINA/EZETIMIBA,40/10,2,,,2,5,sim,2,,2,,1,0,0,,,2,,1,2,,1,MÃE/IRMÃOS/TIOS PATERNOS,1,IRMÃO,1,IRMÃO,1,MÃE/PAI,2,,1,MÃE ,AR,2,63.9,155.0,26.6,90.0,,97.0,33.0,43.0,42.5,150.0,80.0,78.0,nan,1,,,,,,,,,,,2.8,275.0,8.6,21.3,29.0,0.84,86,20.0,22.0,27.0,55.0,1.4,1.2,,260.0,166.0,41.0,267.0,219.0,44.0,,<3,,,,,24.6,1.124,5.54,9.73,890.0,48.6,2.76,1.11,43.6,13.2,17.4,39.7,,,,,,,,,,,SINAIS DE ATEROMATOSE AÓRTICA/ hipertrofia de ve e disfunção de relaxamento de VE,,,normal,,
6,6.0,,10066985,Maria Elisamar Santos De Assunção Aragão,98999132819,1964-10-16,56.0,1,,São Luis,CUIDADORA,3,2,2o GRAU,,1,6,MTF/IR/INPH,2/16/70,2,1,4,LOSARTANA,100,1,27,CIPROFIBRATO/ATORVASTATINA,100/20,2,,,2,5,2,3,,3,,4,3,3,,,1,2018,1,2,,1,MÃE/IRMÃ,2,,1,MÃE,1,IRMÃO,1,PAIS/IRMÃOS,2,,,2,62.9,150.0,27.9,94.0,,85.0,33.5,39.5,38.5,150.0,80.0,,1,"01,03",6.0,6,30.0,5.0,6,,0.0,,,,3.71,165.0,10.8,8.2,42.0,0.93,72,42.0,41.0,48.0,84.0,1.6,1.3,,232.0,,18.0,1395.0,214.0,,,,6.39,,,,28.9,0.978,7.11,13.2,1.368,45.6,4.24,0.95,48.2,20.1,18.6,39.2,,,,,,,,,,,NORMAL,F3/S3,,ATEROSCLEROSE A ESQUERDA SEM SINAIS DE REPERCUSSÃO HEMODINÂMICA,"GLÂNDULA COM VOLUME NORMAL, CONTORNOS REGULARES, TEXTURA HETEROGÊNEA. PADRÃO SUGESTIVO DE DOENÇA AUTOIMUNE. COM NÓDULO EM LE: 1/3 INFERIOR NÓDULO MISTO, ISOECOICO, 0,5X0,3X0,4CM TIRADS 2. ",TESTE GENÉTICO + PARA LPL
7,7.0,,1463591-7,Laryssa Do Nascimento Silva,98992399382,1997-04-04,23.0,1,,São Luis,ESTUDANTE,2,1,UNIVERSITÁRIA,,1,9,INPH/HUMALOG/MTF/PIO,nan,2,2,,,,1,5,CIPROFIBRATO,100,2,,,2,5,2,2,,2,,2,0,0,,,2,,1,1,IRMÃ,1,PAI/IRMÃ,1,PAI/PRIMOS,2,,1,PAI,2,,2,,,2,66.0,154.0,27.8,80.0,,84.0,37.0,47.0,47.0,130.0,80.0,82.0,1,"01,03,04",7.0,7,16.0,6.0,2.66,,0.0,,,,2.57,196.0,9.4,2.6,24.0,0.73,>90,27.0,28.0,24.0,55.0,3.0,1.4,,164.0,87.0,31.0,402.0,133.0,46.0,,,8.8,,,esteatose leve,28.3,1.123,9.11,6.19,765.0,22.9,2.22,1.1,20.7,21.8,25.2,22.8,,,,,,,,,,,NORMAL,F3/S3,,normal,,TESTE GENÉTICO + PARA LPF TIPO 2
8,8.0,,14580853,Rosilene Cunha De Sousa,98982031538,1977-10-25,43.0,1,,Bacabal,DO LAR,3,2,FUNDAMENTAL COMPLETO,,1,15,INPH/IR/PIO,46UI/13UI/30,2,1,1,LOSARTANA/HCTZ,100/25,1,15,ATORVASTATINA/EZETIMIBA,,2,,,2,5,2,2,,2,,1,2,2,,,2,,1,2,,1,IRMA,2,,2,,1,IRMÃ,1,IRMÃ,2,,,2,66.2,167.0,23.7,87.0,,87.0,36.0,45.0,45.0,140.0,80.0,76.0,1,nan,5.0,5,10.0,4.0,2.5,,,,,,0.5,55.0,9.5,4.3,28.0,0.83,>90,27.0,28.0,27.0,80.0,3.8,0.7,,293.0,190.0,48.0,325.0,245.0,55.0,,1714,,,,ESTEATOSE LEVE,23.7,1.116,7.36,5.91,1.207,32.1,2.43,1.12,28.7,7.38,22.9,25.9,,,,,,,,,,,"FE 75%, HIPERTROFIA CONCENTRICA DE VE DE GRAU DISCRETO, ALTERAÇÃO DO RELAXAMENTO DO VE, VALVAS CARDÍACAS COM ASPECTO NORMAL",F2/S3,2.0-4.5 KPA // IQR 23% METAVIR F0,ATEROSCLEROSE DIFUSA DO SISTEMA CAROTIDEO EXTRACRANIANO SEM SINAIS DE REPERCUSSÃO HEMODINÂMICA,Cistos coloides nos lobos direito e esquerdo da tireóide.,TESTE GENÉTICO + PARA LPF TIPO 2
9,9.0,,2751283,Maria Jose Vieira Chagas,98985866176,1959-09-21,61.0,1,,Icatu,LAVRADORA,3,2,FUNDAMENTAL INCOMPLETO,,1,30,INPH/MTF/PIOGLITAZONA,nan,2,1,10,ENALAPRIL,,1,20,ATORVASTATINA/CIPROFIBRATO,,1,HIPOTIROIDISMO,,2,1,2,2,,3,,4,7,7,,,1,2002,4,2,,1,IRMAS,1,IRMAS,1,PAI,2,,2,,2,,,2,48.0,147.0,22.2,84.0,,86.0,40.0,46.0,45.0,144.0,83.0,91.0,1,nan,4.0,3,6.0,3.0,2,,248.0,,,,0.97,85.0,7.8,1.6,50.0,1.3,47,43.0,54.0,198.0,61.0,2.5,1.3,,146.0,76.0,45.0,145.0,101.0,25.0,,18,7.56,5.47,,ESTEATOSE HEPÁTICA / HEPATOMAGLIA,23.1,1.009,7.03,4.16,719.0,21.7,3.91,1.34,16.2,15.2,21.3,18.5,,,,,,,,,,,DISFUNÇÃO DIASTÓLICA DISCRETA/INSUFICIÊNCIA MITRAL DISCRETA,f3/s3," A mediana das velocidades de propagação das ondas de cisalhamento (Vs) foi aferida em 2.20 m/s, correspondendo a mediana das elasticidades (E) em 14.52 kPa (IQR/med: 26.4 %). - COMPATÍVEL COM HEPATOPATIA CRÔNICA COMPENSADA",espessamento médio intimo bilateral,"GLÂNDULA COM VOLUME NORMAL, CONTORNOS REGULARES, TEXTURA HETEROGÊNEA. PADRÃO SUGESTIVO DE DOENÇA AUTOIMUNE",TESTE GENÉTICO + PARA LPF TIPO 2
10,10.0,,10043845,Brasilina Santos Pinto,98991878679,1972-02-03,49.0,1,,São João Batista,DO LAR,3,1,FUNDAMENTAL INCOMPLETO,,1,13,INPH/PIO/MTF,nan,,1,13,LOSARTANA/HCTZ/ANLODIPINA/ATENOLOL,,1,13,ATORVASTATINA/CIPROFIBRATO,,2,,,2,1,2,2,,2,,4,3,3,,,3,,1,2,,1,TIOS E PRIMOS MATERNOS,2,,2,,2,,2,,2,,,2,62.1,1.48,28.3,97.0,,99.0,42.0,45.0,47.0,160.0,95.0,101.0,1,1,5.0,4,10.0,4.0,2.5,,15.0,,,,1.92,125.0,7.8,2.5,32.0,1.05,65,22.0,30.0,34.0,26.0,3.1,1.4,,144.0,98.0,20.0,162.0,124.0,26.0,,8,0.09,0.09,,ESTEATOSE HEPÁTICA ACENTUADA,26.1,1.133,7.05,6.7,1.412,32.8,2.36,1.48,22.1,16.5,22.7,27.1,,,,,,,,,,,,F0/F1/S3,,NORMAL,DAI,TESTE GENÉTICO + PARA LPF TIPO 2
11,11.0,,8199183,Ernilda Rodrigues Da Silva,,,36.0,1,,São Luis,,1,2,2o grau,,1,8,INPH/IR/Glifage/forxiga,nan,,1,,losartana/concardio,,1,,ciprofibrato,,,,,1,,,,,,,,,,,,,,1,2,,1,,1,,1,,2,,2,,,,,,55.3,1.52,23.9,95.0,,96.0,34.0,46.0,47.0,110.0,80.0,63.0,1,nan,,,,,,,,,,,2.52,184.0,9.9,,20.0,0.43,>90,16.0,14.0,13.0,106.0,3.5,1.1,,653.0,,,472.0,,,,104,,33.16,,esteatose moderada,,,,,,,,,,,,,,,,,,,,,,,função diastólica do VE com alteração de relaxamento,,,,,
12,12.0,,14920034,Daniele Araújo Belem,,,40.0,1,,São Luis,,3,1,2o grau,,1,,do,nan,,2,,,,1,,estatina,,,,,,,,,,,,,,,,,,,1,2,,1,,1,,1,,2,,2,,,,,,72.3,1.63,27.2,102.0,,105.0,40.0,47.0,46.0,110.0,80.0,70.0,nan,nan,,,,,,,,,,,,,,,,,,,,,,,,,,,,,,,,,,,,,,,,,,,,,,,,,,,,,,,,,,,,,,,,
13,13.0,,15544354,Edilene Pereira De Oliveira,,,33.0,1,,Nan,,3,2,2o grau,,1,,do,nan,,2,,,,2,,,,,,,,,,,,,,,,,,,,,1,2,,1,,1,,1,,2,,2,,,,,,75.1,1.62,28.6,105.0,,104.0,41.0,49.0,48.0,100.0,70.0,62.0,nan,nan,,,,,,,,,,,,,,,,,,,,,,,,,,,,,,,,,,,,,,,,,,,,,,,,,,,,,,,,,,,,,,,,MUTAÇÃO POSITIVA NO ABCA1 (HIPERCOLESTEROLEMIA FAMILIAR) 
14,14.0,,15331296,Antonia Maria Melo Araujo Ferreira,98981160612,1961-09-11,60.0,1,,São Luis,BANCÁRIA,2,2,SUPERIOR COMPLETO,,1,25,XULTOPHY/APIDRA/XIGDUO,nan,2,1,,,,1,20,ATORVASTATINA ,20,2,,,,5,,2,,2,,4,2,2,,,1,,1,2,,1,IRMÃ/TIOSMATERNOS/SOBRINHOS,1,IRMA,2,,2,,1,TIAS,2,,,2,71.6,1.51,30.0,102.0,,106.0,42.0,49.0,48.0,130.0,80.0,76.0,1,nan,6.0,6,24.0,4.0,6,,,,,,,121.0,7.1,8.4,24.0,0.95,69,29.0,17.0,26.0,28.0,0.28,1.3,,228.0,130.0,62.0,217.0,166.0,36.0,,,,10.0,,ESTEATOSE ACENTUADA,30,1.261,7.82,11.4,763.0,40.8,1.36,0.99,41.4,10.2,16.03,38.3,,,,,,,,,,,DISFUNÇÃO DE VE GRAU i,," A mediana das velocidades de propagação das ondas de cisalhamento (Vs) foi aferida em 2.09 m/s, correspondendo a mediana das elasticidades (E) em 13.16 kPa (IQR/med: 21.6 %). - HEPATOPATIA CRÔNICA COMPENSADA",NORMAL,,TESTE GENÉTICO NEGATIVO
15,15.0,,1369229,Marino Guedes Lima,98991986504,1965-07-03,56.0,2,,São Luis,,2,1,funda incompleto,,1,,go,nan,1,2,,,,1,,ciprofibrato/ atorvasti,100/20,,,,2,,2,,,,,,,,,,,,1,2,,1,,1,,2,,2,,2,,,,,,51.4,1.65,18.8,74.0,,94.0,32.5,45.0,42.0,146.0,90.0,81.0,2,nan,4.0,4,8.0,3.0,2.66,,,,1.5,6.0,1.34,102.0,5.6,0.7,18.0,0.91,>90,19.0,13.0,8.0,30.0,2.6,1.0,,141.0,78.0,47.0,80.0,94.0,16.0,,14,,6.0,,normal,19.1,1.041,7.1,2.49,160.0,11.5,1.41,1.0,11.5,2.9,2.88,13.1,,,,,,,,,,,Insuficiência mitral discreta a moderada e insuficiência tricuspide discreta,F1/F2/S0,,ESPESSAMENTO MÉDIO-INTIMAL BILATERAL,,TESTE GENÉTICO NEGATIVO
16,16.0,,15056031,Girlane Brisde Ferreira Cazer Da Silva,,,20.0,1,,Dom Pedro,,3,1,fundamental incompleto,,1,,inph,nan,,2,,,,2,,,,,,,,,,,,,,,,,,,,,5,2,,ns,,NS,,NS,,NS,,ns,,,,,,45.0,1.45,21.4,63.0,,59.0,30.0,38.0,38.0,100.0,63.0,62.0,1,nan,,,,,,,,106.0,,,0.06,183.0,11.1,3.0,35.0,0.6,>90,13.0,13.0,29.0,113.0,1.8,1.3,,152.0,138.0,57.0,431.0,195.0,57.0,,,,,,,,1.103,,,,,,,,,,,,,,,,,,,,,,,,,,
17,17.0,,5648351,Tawan Francisco Silva Amador,9898258176,1997-09-04,24.0,2,,São Bernardo,,3,1,2o grau,,1,7,sem medicação,nan,2,2,,,,2,,,,,,,,,,1,,1,,,,,,,,,1,2,,1,AVÓ MATERNA,1,,2,,2,,2,,,,,,61.1,1.63,22.9,92.0,,83.5,32.0,43.0,44.5,96.0,63.0,62.0,2,nan,,,,,,,,,3.8,11.0,3.39,139.0,5.4,0.7,21.0,0.7,>90,56.0,59.0,153.0,205.0,3.4,1.1,,94.0,45.0,26.0,150.0,68.0,23.0,,19,,,,,,,,,,,,,,,,,,,,,,,,,,,,,,Normal,,
18,18.0,,14941732,Layane Do Nascimento Silva,63991103755,1994-10-26,27.0,1,,Estreito,COZINHEIRA,2,1,2o GRAU,,1,7,GBC/PIO,Oct-30,2,1,3,LOSARTANA,50,2,,,,2,,,2,5,2,2,,2,,2,G4P2A2,3,,,3,,4,2,,1,PAI/AVÓS 02 IRMÃS,1,PAI/MAE/IRMAS,1,PAI/MAE/IRMAS,1,PAI,2,,2,,,2,59.0,1.59,23.3,81.0,,87.0,38.0,48.0,46.0,138.0,103.0,68.0,1,nan,4.0,4,12.0,4.0,3,,0.0,212.0,14.0,28.0,3.0,203.0,10.0,1.1,20.0,0.6,>90,20.0,27.0,35.0,72.0,1.6,1.3,,123.0,73.0,29.0,129.0,94.0,21.0,,6,,,,ESTEATOSE HEPÁTICA DISCRETA,23.8,1.103,8.18,4.45,579.0,20.8,2.21,1.19,17.6,20.9,30.4,17.6,,,,,,,,,,,NORMAL,,,NORMAL,,TESTE GENÉTICO + PARA LPF TIPO 2
19,19.0,,15296040,Laysa Nascimento Silva,8893722803,1998-05-03,24.0,1,,São Luís,COZINHEIRA,,2,2 GRAU COMPLETO,,1,11,INPH / IR / MTF /,NPH 70UI/DIA; IR 25 UI/DIA; MTF 850MG 3X,,1,5 ANOS,HCTZ / ANLODIPINO / PROPRANOLOL / CLINIDINA ,,1,10 ANOS,ROSUVASTATINA ,10MG,2,,,2,5,2,2,,2,,2,G2P1A1,2,1,1,3,,5,2,,1,2 IRMÃS + PAI,1,2 IRMÃS E PAI ,1,2 IRMÃS E PAI ,2,,2,,2,,,2,53.5,154.0,22.3,73.0,,77.0,35.0,45.0,43.0,180.0,100.0,83.0,1,"1, 3, 4",,,,,,,,229.0,,,3.01,149.0,8.2,1.1,51.0,1.08,74,16.0,13.0,44.0,62.0,4.1,1.3,,130.0,60.0,34.0,429.0,96.0,36.0,,2326,,1491.0,,,21,1.011,6.77,3.1,228.0,14.4,2.43,1.02,14,16.0,22.1,14.7,,,,,,,,,,,FUNÇÃO SISTÓLICA DO VE PRESERVADA / INSUFICIÊNCIA AÓRTICA DE GRAU DISCRETO,F0/F1/S0,,NORMAL,,TESTE GENÉTICO + PARA LPF TIPO 2
20,20.0,,15351270,Lorena Da Silva Nunes,63991103755,2011-07-10,12.0,1,,Araguaina,ESTUDANTE,,1,FUNDAMENTAL INCOMPLETO,,2,,,nan,,,,,,,,,,2,,,2,5,2,2,,2,,2,0,,,,3,,5,2,,1,AVÔ; MÃE; TIAS,1,AVÔ E TIAS,1,AVÔ; AVÓ; TIA,1,AVÔ PATERNO,2,,2,,,2,41.0,142.0,20.3,67.0,,72.0,32.0,38.0,39.0,98.0,53.0,72.0,1,"CERVICAL,AXILA E VIRILHA",5.0,5,10.0,5.0,2,,,484.0,6.9,33.0,3.63,85.0,5.8,3.0,22.0,0.5,>90,20.0,15.0,14.0,203.0,2.2,1.5,,142.0,83.0,10.0,101.0,102.0,19.0,80.0,<3,,6.0,,,18.5,0.912,6.45,4.44,,25.2,3.56,1.07,23.4,12.3,19.3,22.9,,,,,,,,,,,,,,,NORMAL,TESTE GENÉTICO + PARA LPF TIPO 2
21,21.0,,7318286,José Renato Ferreira Abreu,98984936104,1959-08-10,63.0,2,,São João Batista,FUNCIONÁRIO PÚBLICO,1,2,2o GRAU,,1,14,MTF/INPH/IR,nan,2,1,2,LOSARTANA/HCTZ,,1,14,ATORVASTATINA/CIPROFIBRATO,,2,,,2,5,2,2,,1,,4,3,,,,3,,1,2,,1,MÃE/PAI,1,IRMAOS,1,IRMAOS,2,,2,,2,,,2,72.6,1.67,26.03,100.0,,95.0,42.0,50.0,47.0,120.0,90.0,78.0,1,1,10.0,7,18.0,8.0,2.25,,,228.0,,,2.49,199.0,9.3,4.4,56.0,1.14,72,15.0,13.0,23.0,80.0,2.1,0.9,,315.0,,32.0,1269.0,283.0,,,484,,,,LIPOSUBSTITUIÇÃO PANCREÁTICA,26.03,,,,,,,,,,,,,,,,,,,,,,"REMODELAMENTO CONCÊNTRICO, DISFUNÇÃO DIASTÓLICA DISCRETA, ECTASIA DE RAIZ DE AORTA FE 66%",F0/F1; S1 ," A mediana das velocidades de propagação das ondas de cisalhamento (Vs) foi aferida em 1,68 m/s, correspondendo a mediana das elasticidades (E) em 8,43 kPa (IQR/med: 11.6 %). - EXCLUI HEPATOPATIA CRÔNICA COMPENSADA",ATEROSCLEROSE BILATERAL SEM REPERCUSSÃO HEMODINâMICA,,TESTE GENÉTICO NEGATIVO
22,22.0,,12457779,Jozeria Oliveira Do Vale Dos Santos,98988793673,1992-12-05,29.0,1,,Tutoia,DO LAR,3,5,2o GRAU,,1,7,INPH/MTF,nan,2,2,,,,1,1,SINVASTATINA,,2,,,2,5,2,2,,2,,1,3,,,,3,,1,2,,1,MAE/IRMAO/TIOS MATERNOS,1,PAIS/TIOS MATERNOS/IRMAO,1,PAIS/TIOS MATERNOS/IRMAO,1,AVÓ MATERNA,1,IRMÃO,2,,,2,53.0,1.49,23.8,87.0,,93.0,33.0,42.0,43.0,140.0,86.0,85.0,2,nan,17.0,11,11.0,12.0,0.9,1.0,,190.0,,,1.21,330.0,9.6,1.8,15.0,0.44,>90,14.0,17.0,11.0,153.0,3.1,1.2,,316.0,225.0,52.0,207.0,264.0,39.0,,4,,,,,23.9,1.202,5.98,7.65,432.0,34.1,1.71,0.85,40.2,13.2,18.0,32.1,,,,,,,,,,,NORMAL,F0/F1; S1,,"PLACA À DIREITA COM ESTENOSE < 50% E À ESQUERDA AUMENTO DA ESPESSURA INTIMAL = 1,2 CM EM CARÓTIDA",,TESTE GENÉTICO NEGATIVO
23,23.0,,5916070,Damiana Silva Correia,98981243696,1973-03-18,49.0,1,,Barreirinhas,AUTONOMA,1,4,2o GRAU,,2,,,nan,1,2,,,,1,3,CIPROFIBRATO,100,2,,,2,5,2,2,,2,,2,G4P4C3A0,4,4,0,2,,2,2,,1,MAE,2,IRMA,1,MAE,2,,2,,2,,,2,59.9,1.52,25.9,83.0,,87.5,36.0,43.0,42.5,138.0,69.0,66.0,1,"1, 4",15.0,11,17.0,9.0,1.88,,,154.0,,24.0,3.24,126.0,6.3,6.6,19.0,0.66,>90,18.0,16.0,31.0,89.0,0.57,1.7,,183.0,110.0,37.0,249.0,146.0,36.0,241.0,22,,,,,26.7,1.069,7.46,9.46,1.054,39.9,1.64,1.02,39.3,16.6,16.7,35.5,,,,,,,,,,,NORMAL,,,,TIREOIDECTOMIZADA - BOCIO COLOIDE MULTINODULAR,TESTE GENÉTICO NEGATIVO
24,24.0,,788627,Maria Francisca Rodrigues,98996081678,1953-01-10,69.0,1,,Ma,DO LAR,3,1,FUND. INOMPL,,2,,,nan,2,1,10,LOSARTANA/HCTZ,Oct-25,1,10,ROSUVASTATINA,20,2,,,2,5,2,2,,2,,4,5,5,,,1,2003,2,2,,1,IRMAOS,1,IRMAOS/TIOS,1,IRMAOS,2,,2,,2,,,2,46.1,1.47,21.3,76.0,,94.0,33.0,46.0,44.0,130.0,60.0,72.0,2,nan,4.0,5,5.0,3.0,1.6,,,171.0,,6.0,1.59,99.0,5.7,0.7,30.0,0.53,>90,21.0,18.0,19.0,76.0,1.1,1.0,,192.0,109.0,63.0,103.0,129.0,20.0,,6,,,,"CISTOS RENAIS SIMPLES (RD - 1,5CM / RE - 1,6CM) // PÂNCREAS COM SINAIS DE LIPOSSUBSTITUIÇÃO PANCREÁTICA.",22.5,0.881,5.59,6.69,306.0,21.5,1.0,0.49,43.6,11.3,17.2,29.6,,,,,,,,,,,REMODELAMENTO CONCÊNTRICO DE VE; DISFUNÇÃO DIASTÓLICA DE VE DISCRETA; ESCLEROSE VALVAR MITRAL COM INSUFICIÊNCIA DISCRETA; ESCLEROSE VALVAR AÓRTICA DISCRETA,F0/F1,,PLACAS COM ESTENOSE < 50% EM CARÓTIDAS BILATERALMENTE,NORMAL,TESTE GENÉTICO NEGATIVO
25,25.0,,6689922,Eliane Rodrigues Dos Santos Barbosa,98988239613,1975-11-06,46.0,1,,Ma,DO LAR,3,2,2o GRAU,,2,,,nan,2,1,3,OLMESARTANA,"20/12,5",1,5,ROSUVASTATINA,20,2,,,2,5,2,2,,2,,4,G4P2A2,4,2,2,1,2021,1,2,,1,TIOS MATERNOS E PATERNOS,1,MAE,1,TIOS PATERNOS,1,TIOS PATERNOS,2,,2,,,2,50.2,1.47,23.3,78.5,,93.0,34.5,44.0,42.0,136.0,89.0,83.0,1,4,,,,,,,,466.0,1.8,8.0,1.31,92.0,5.6,0.7,20.0,0.52,>90,19.0,15.0,22.0,69.0,0.96,1.1,,242.0,175.0,50.0,73.0,192.0,17.0,,6,,,,,,0.973,,,,,,,,,,,,,,,,,,,,,INSUFICIÊNCIA MITRAL E TRICÚSPIDE DISCRETAS,,,,"NÓDULOS < 1 CM, TIRADS 3",
26,26.0,,5524172,Neuza Maria Ananias Araujo,,1962-02-08,60.0,1,,Mg,,3,1,2o GRAU,,1,22,INPH/IR,nan,,1,,ANLODIPINO/HIDRALAZINA/ATENOLOL,,1,,ATORVASTATINA,,2,,,2,5,2,3,,3,,4,G2P1A1,2,1,1,1,,1,2,,1,PAI,2,,2,,2,,2,,2,,,2,86.1,,,106.0,,104.0,41.0,47.0,45.0,200.0,100.0,64.0,1,1,,,,,,,,,,,,,,,,,,,,,,,,,,,,,,,,,,,,,,,,,,,,,,,,,,,,,,,,,,,,,,,,TESTE GENÉTICO NEGATIVO
27,27.0,,9483551,Marluce Silva De Sousa,98985546185,1985-01-10,37.0,1,,Pindaré Mirim,AUTONOMA,3,5,2o GRAU,,1,21,INPH/MTF,nan,,1,12,LOSARTANA,,1,10,ATORVASTATAINA /CIPROFIBRATO,,2,,,2,5,2,2,,2,,2,G5P3A3,5,3,3,2,,4,2,,1,MAE PAI IRMAOS E FILHOS,1,IRMA,1,PAI MAE IRMAS,1,AVÓ MATERNA,1,MAE,1,IRMA E PRIMA,HIPO+AZ35TIROIDISMO/LES,2,85.9,1.52,37.1,116.0,,111.0,33.0,50.0,50.5,117.0,88.0,99.0,1,"1,3,4",26.0,24,34.0,,,,,151.0,,,1.3,189.0,12.1,25.9,29.0,0.67,>90,20.0,19.0,18.0,70.0,1.1,1.2,,193.0,112.0,58.0,122.0,135.0,23.0,,59,,,,,,1.044,,,,,,,,,,,,,,,,,,,,,,F2; S2,,NORMAL,,TESTE GENÉTICO NEGATIVO
28,28.0,,15489639,Ana Maria Vieira Felix,98999088045,1965-03-13,57.0,1,,Morros,LAVRADORA,3,2,FUND. INOMPL,,1,10,MTF,nan,2,2,,,,2,,,,2,,,2,5,2,3,,2,,4,G9P9,9,9,0,1,2010,1,2,,1,IRMÃES/ MAE/TIAS MATERNAS,1,IRMÃES/ MAE/TIAS MATERNAS,1,IRMÃES/ MAE/TIAS MATERNAS,1,IRMA,1,FILHA,2,,,2,33.4,1.38,17.3,65.0,,68.0,29.5,32.5,34.0,160.0,90.0,77.0,1,5,6.0,6,6.0,4.0,1.5,,,253.0,4.9,16.0,6.67,126.0,11.3,1.5,62.0,1.69,35,20.0,18.0,42.0,91.0,5.0,1.2,,209.0,142.0,27.0,245.0,182.0,40.0,,,649,773.0,,,17.8,0.872,5.6,2.32,226.0,15.3,2.02,1.91,8,10.5,15.2,12.8,,,,,,,,,,,"REMODELAMENTO CONCÊNTRICO DE VE; DUSFUNÇÃO DIASTÓLICA DE VE DISCRETA; INSUFICIÊNCIA MITRAL, AÓRTICA E TRICÚSPIDE DISCRETAS; AUMENTO DISCRETO DE AE/ FEVE 78%; ",," A mediana das velocidades de propagação das ondas de cisalhamento (Vs) foi aferida em 1,65 m/s, correspondendo a mediana das elasticidades (E) em 8,19 kPa (IQR/med: 7,9 %). Exclui hepatopatia crônica compensada.","ATEROMATOSE LEVE,PAREDES IRREGULARES BILATERALMENTE",cistos em ambos os lobos,TESTE GENÉTICO + PARA LPF TIPO 2
29,29.0,,15451615,Maria Do Amparo Silva Sardinha,98988943958,1984-04-04,38.0,1,,Barreirinhas,DO LAR,2,4,2o GRAU,,1,8,MTF/GLICLAZIDA/NESINA,nan,2,2,,,,1,1,CIPROFIBRATO,100,2,,,2,5,2,2,,2,,1,G3P3,3,3,0,3,,4,2,,1,"IRMÃ, PAI, MÃE, AVÓS PATERONOS E MATERNOS",1,MÃE,1,"PAI, MÃE, AVÓS  PATERNOS E MATERNOS",2,,2,,2,,,2,64.5,1.61,24.6,89.0,,88.0,36.0,46.0,48.0,150.0,75.0,77.0,1,3,,,,,,,,,,,,,,,,,,,,,,,,,,,,,,,,,,,,,,,,,,,,,,,,,,,,,,,,,,,,,,normal,,TESTE GENÉTICO NEGATIVO
30,30.0,,15489230,Francielly Silva Neres,99984999923,2021-10-27,1.0,1,,Balsas,,2,1,NÃO SE APLICA,,2,,,nan,1,2,,,,1,2 MESES,,,2,,,2,5,2,2,,2,,4,0,0,,,3,,,2,,2,,2,,2,,2,,2,,2,,,2,7.7,71.5,15.2,,,,,,,,,,2,nan,,,,,,,,37.0,1.2,6.0,1.36,84.0,4.9,0.5,15.0,0.25,>90,22.0,11.0,25.0,178.0,1.8,1.3,,144.0,95.0,22.0,171.0,122.0,27.0,,,,,,,,,,,,,,,,,,,,,,,,,,,,,NORMAL,NÃO REALIZADA (IDADE),,NÃO REALIZADO (IDADE),,TESTE GENÉTICO + PARA LPF TIPO 2
31,31.0,,3118450,Raimunda Morais,,,,,,Nan,,,,,,,,,nan,,,,,,,,,,,,,2,2,2,2,,,,,,,,,,,,,,,,,,,,,,,,,,,,,,,,,,,,,,,,nan,nan,,,,,,,,,,,,,,,,,,,,,,,,,,,,,,,,,,,,,,,,,,,,,,,,,,,,,,,,,,,ALERAÇÃO DE CONTRATILIDADE SEGMENTAR DE VE; DISFUNÇÃO DIASTÓLICA DE VE DISCRETA; INUFICIÊNCIA MITRAL MODERADA.,,,,,TESTE GENÉTICO NEGATIVO
32,32.0,,808547,Quedima Regina Vieira Fonseca,98999088045,1971-06-20,51.0,1,,Morros-Ma,MARISQUEIRA,3,2,ENSINO MÉDIO INCOMPLETO,,1,10 ANOS,METFORMINA/PIOGLITAZONA,1G/30MG,2,1,18 ANOS,LOSARTANA /ATENOLOL/ANLODIPINO,100/50/5MG,1,10 ANOS,ROSUVA/CIPROFIBRATO,10/100,2,,,2,2,2,2,,2,,4,G4P2A2,4,2,2,4,,1,2,,1,IRMÃS E TIA,1,IRMÃS E TIAS,1,IRMÃS E TIA,1,IRMÃ,2,,2,,,2,65.8,151.0,28.9,96.0,,93.0,45.0,45.0,45.0,158.0,99.0,75.0,1,"1, 2, ",10.0,8,12.0,,,,0.0,153.0,1.9,10.0,2.62,79.0,5.8,6.0,34.0,1.0,68,19.0,18.0,52.0,57.0,2.0,1.2,,172.0,103.0,40.0,173.0,132.0,29.0,,53,,32.0,,ESTEATOSE HEPÁTICA ACENTUADA / HEPATOMEGALIA,28.9,1.131,9.18,6.97,1.098,28.6,5.3,1.16,24.6,20.8,23.6,24.2,,,,,,,,,,,HIPERTROFIA CONCÊNTRICA DE VE; DISFUNÇÃO DIASTÓLICA DE VE DISCRETA; INUFICIÊNCIA MITRAL E TRICÚSPIDE DISCRETAS,,,TEROSCLEROSE A DIREITA SEM SINAIS DE REPERCUSAO HEMODINAMICA. ESPESSAMENTO MEDIO-INTIMAL DA CAROTIDA COMUM ESUQERDA ,BMN COM NÓDULOS <1CM,TESTE GENÉTICO + PARA LPF TIPO 2
33,33.0,,4675940,Lazaro Pereira Da Silva,88993664928,1968-08-09,54.0,2,,Babaçulandia - Go,MILITAR APOSENTADO,2,1,FUNDAMENTAL COMPLETO,,1,14 ANOS,METFORMINA,850MG 2X,2,1,14 ANOS,LOSARTANA + HCTZ,100MG + 25MG,2,,,,2,,,2,3,2,2,,2,,4,3,3,,,3,,1,2,,1,"3 FILHAS, PAI  E MÃE",1,FILHAS,1,"PAI, MÃE, 1 FILHA",1,MÃE,2,,2,,,2,60.3,164.0,22.3,81.0,,78.0,38.0,45.0,43.0,200.0,100.0,84.0,1,"1, 3, 4",5.0,5,15.0,4.0,3.75,,,207.0,9.0,10.0,2.87,367.0,12.6,1.6,39.0,1.59,51,20.0,16.0,34.0,122.0,1.3,1.3,,184.0,113.0,30.0,310.0,,41.0,,1087,,,,,,,,,,,,,,,,,,,,,,,,,,,FE 66% REMODELAMENTO CONCENTRICO DE VE,,,ESPESSAMENTO MÉDIO INTIMAL BILATERAL,,TESTE GENÉTICO + PARA LPF TIPO 2
34,34.0,,6455778,Gracinilde Sousa Carvalho,98996030635,1971-04-22,51.0,1,,São Luís-Ma,DO LAR,3,4,FUNDAMENTAL INCOMPLETO,,1,4 ANOS,GLIBENCLAMIDA / METFORMINA,10MG / 850MG 2X,,2,,,,2,,,,2,,,2,5,2,2,,2,,4,G4P4A0,4,4,0,1,5 ANOS,1,2,,1,"MÃE, 3 IRMÃOS, IA",1,IRMÃ,1,IRMÃ,2,,2,,2,,,,58.0,155.0,24.1,92.0,,86.0,32.0,40.0,43.0,130.0,80.0,73.0,1,"1, 3, 4",12.0,8,10.0,4.0,2.5,,,123.0,8.2,11.0,1.76,305.0,12.1,2.4,24.0,0.51,>90,30.0,39.0,98.0,177.0,1.6,1.1,,253.0,124.0,29.0,670.0,224.0,100.0,,360,,,,,,,,,,,,,,,,,,,,,,,,,,,,F3/S3,,ATEROSCLEROSE BILATERAL SEM REPERCUSSÃO HEMODINÂMICA,,TESTE GENÉTICO NEGATIVO
35,35.0,,15544265,Joselito Lima Dos Santos,98988261287,1969-02-15,53.0,2,,Ma,SEGURANÇA,3,4,FUNDAMENTAL INCOMPLETO,,1,8 ANOS,METFORMINA,1G,,2,,,,1,5 MESES,SINVASTATINA,20MG,2,,,2,5,2,1,,1,,4,3,3,,,3,,1,2,,1,"PAI, 3 IRMÃOS, TIOS PATERNOS",NS,,NS,,1,IRMÃO,1,IRMÃO,2,,,2,47.3,1.65,17.2,73.0,,81.0,33.0,35.0,33.0,122.0,85.0,83.0,2,nan,,,,,,,,211.0,2.2,5.0,,179.0,7.9,0.7,21.0,0.6,>90,15.0,15.0,69.0,102.0,2.9,1.3,,199.0,116.0,51.0,203.0,148.0,32.0,,1329,,,,,,,,,,,,,,,,,,,,,,,,,,,NORMAL ,,,"CARÓTIDAS COM PLACAS BILATERAIS, ESTENOSE < 50%",,TESTE GENÉTICO NEGATIVO
36,36.0,,15557090,Raimunda Nonata Cardoso Cunha,98987181969,1975-09-25,47.0,1,,Bacabal - Ma,DO LAR ,2,4,FUNDAMENTAL INCOMPLETO,,1,6 MESES,METFORMINA,1G,,1,7 ANOS,LOSARTANA,100MG,1,,NÃO USA,,2,,,2,5,2,2,,1,,1,G3P3,3,3,0,3,,1,2,,1,MÃE E 2 IRMÃOS,,,1,,1,IRMÃ ,1,IRMÃ ,2,,,2,76.5,1.43,33.0,97.0,,97.0,44.0,44.0,45.0,127.0,72.0,63.0,1,"1, 3, 4",16.0,8,16.0,,,,,118.0,3.7,16.0,2.43,94.0,7.3,4.9,22.0,0.9,79,21.0,21.0,34.0,52.0,1.6,0.8,,216.0,131.0,57.0,160.0,159.0,28.0,,5,,,,,,,,,,,,,,,,,,,,,,,,,,,NORMAL ,,,,,TESTE GENÉTICO + PARA LPL
37,37.0,,6007708,Nilza Oliveira Do Vale,98987882986,1973-10-10,49.0,1,,Barreirinhas-Ma,LAVRADORA,3,2,FUNDAMENTAL INCOMPLETO,,1,13 ANOS,METFORMINA/INPH/IR,2550MG / 68UI / 18 UI,,1,19 ANOS,ENALAPRIL / ANLO / HCTZ,40MG / 5MG / 25MG,1,13 ANOS,ATORVA/CIPROFIBRATO,80MG / 100MG ,2,,,2,5,2,2,,2,,4,,,,,3,,1,2,,1,MÃE; 8 IRMÃOS; 2 FILHOS,1,2 IRMÃS,1,8 IRMÃOS,1,PAI,2,,2,,,,61.5,150.4,27.2,89.1,,93.2,35.5,44.0,42.5,157.0,79.0,78.0,1,1,7.0,7,18.0,6.0,3,,,125.0,,,1.54,179.0,9.4,,16.0,0.6,>90,18.0,24.0,23.0,62.0,1.6,1.4,,132.0,74.0,41.0,86.0,91.0,,,,,,,,,,,,,,,,,,,,,,,,,,,,,,FE 65%; DENTRO DA NORMALIDADE,F0/F1; S3,,PLACA EM CARÓTIDA ESQUERDA COM ESTENOSE < 50%; ESPESSAMENTO MÉDIO-INTIMAL EM CARÓTIDA DIREITA,,MUTAÇÃO POSITIVA NO ABCA1 (HIPERCOLESTEROLEMIA FAMILIAR) 
38,38.0,,7005215,Adonias Pinto Penha,98981163386,1955-11-08,67.0,2,,São Luís-Ma,FUNCIONÁRIO PÚBLICO APOSENTADO,1,2,FUNDAMENTAL COMPLETO,,1,20 ANOS,METFORMINA / GLICLAZIDA / DAPA / ,1G / 90MG / 10MG,,1,20 ANOS,LOSARTANA / HCTZ,100 / 25 MG,1,20 ANOS,ATORVA/CIPROFIBRATO/EZETIMIBA,40 / 100 / 10MG,2,,,2,5,2,2,,2,,4,,,,,3,,4,2,,1,"PAI, MÃE, IRMÃOS",1,"PAI, MÃE, IRMÃOS",1,"PAI, MÃE, IRMÃOS",1,PAI; MÃE,1,IRMÃS,2,,,,68.6,1.58,26.0,96.0,,94.0,39.0,45.0,44.0,127.0,63.0,72.0,2,nan,10.0,7,24.0,7.0,3.42,,,85.0,4.7,27.0,6.54,71.0,8.6,3.2,61.0,1.27,62,23.0,30.0,17.0,35.0,1.3,1.0,,138.0,83.0,24.0,215.0,114.0,31.0,,41,,,,ESTEATOSE HEPÁTICA GRAU II,26,1.2,7.71,7.22,1.429,36.5,2.94,1.37,26.7,19.1,23.1,27.4,,,,,,,,,,," FE 65%  FUNCAO SISTOLICA DO VE PRESERVADA, INSUF TRICUSPIDE DE GRAU DISCRETO",,,ATEROSCLEROSE BILATERAL SEM SINAIS DE REPERCUSSÃO HEMODINÂMICA,NORMAL,TESTE GENÉTICO NEGATIVO
39,39.0,,12842729,Maria Cristina Silva,98992369069,1966-07-24,56.0,1,,Palmeirância-Ma,COZINHEIRA,3,1,FUNDAMENTAL INCOMPLETO,,1,2 ANOS,METFORMINA,850MG 1X,,1,10 ANOS,LOSARTANA / HCTZ / ANLO,100/25/10 MG,1,2 ANOS,NÃO USA,,2,,,2,5,2,2,,1,,4,G3P3,3,3,0,3,,1,2,,1,"MÃE, 2 IRMÃOS",2,,1,"TIAS, SOBRINHA",2,,1,?,2,,,,,,,105.0,,110.0,35.0,53.0,51.0,120.0,90.0,83.0,2,nan,,,,,,,,144.0,3.9,9.0,2.8,175.0,7.3,19.8,31.0,0.6,>90,15.0,15.0,19.0,121.0,2.0,1.3,,207.0,134.0,43.0,166.0,164.0,30.0,,24,,,,,32.9,0.959,7.52,15.3,1.917,57.8,2.54,1.17,49.2,17.5,18.9,46.5,,,,,,,,,,,"AUMENTO DISCRETO A MODERADO DE AE, DISFUNÇÃO DIASTÓLICA DE VE DISCRETA ATEROMATOSE DISCRETA DE AORTA TORÁCICA ESCLEROSE VALVAR MITRAL COM INSUFICIENCIA DISCRETA",FO/F1/S2,,ATEROSCLEROSE BILATERAL SEM SINAIS DE REPERCUSSÃO HEMODINÂMICA,,TESTE GENÉTICO NEGATIVO
40,40.0,,10066985,Maria Elisangela Santos De Assunção,98984749150,1974-06-20,48.0,1,,São Luis,Funcionária pública,2,1,Pós graduada,,1,4 anos,Galvus/ Glifage,"25/1,5",2,2,,,,2,,,,2,,,2,5,2,2,,2,,1,GIPI,1,1,0,2,,1,2,,1,irmãos e pai,1,IRMAOS E PAI,1,IRMÃOS E MAE,1,IRMÃO E PAI,1,IRMÃOS E PAI,2,,,2,65.5,1.53,,89.0,,93.0,37.0,49.0,47.0,137.0,81.0,104.0,31-Dec,1.3,,,,,,,,,,,,,,,,,,,,,,,,,,,,,,,,,,,,,27.8,1.053,7.18,10.1,1.201,43.6,2.24,1.14,38.3,16.7,19.0,36.6,,,,,,,,,,,,,,,,TESTE GENÉTICO + PARA LPL
41,41.0,,1457855,Ramyla Diniz Silva,98989089819,1995-03-09,28.0,1,,São José De Ribamar,Estudante,3,1,Ensino Superior Completo,,2,,,nan,2,2,,,,2,,,,2,,,2,2,2,2,,2,,1,GOPO,0,,,2,,3,2,,1,tias e avé materna,1,tias e avó materna,1,tias e avó materna,1,avô e tio materno,2,,2,,,2,48.6,1.53,19.3,64.0,,79.0,30.0,45.0,44.0,100.0,60.0,57.0,1-Jan,nan,,,,,,,,241.0,1.0,5.0,1.37,85.0,5.9,2.1,26.0,0.83,>90,12.0,10.0,25.0,66.0,0.62,1.3,,182.0,92.0,76.0,62.0,106.0,14.0,,8,,,,,19.3,1.072,6.05,4.5,65.0,14.3,1.2,0.5,28.5,15.0,17.0,23.3,,,,,,,,,,,,,,,,
42,42.0,,15592063,Elenice Diniz Silva,98987731447,1969-02-18,54.0,1,,Morros,aposentada,3,2,ensino médio completo,,1,1 ano,METF,3 X 850,2,1,2 ANOS,LOSARTANA INDAPAMIDA,"100/1,5",1,5 ANOS,ROSUVASTATIAN ,20,2,,,2,5,2,2,,2,,4,G2P2,2,2,0,1,12 ANOS,1,2,,1,MÃE E TIAS E PRIMAS,1,MÃE E TIAS E PRIMAS,1,MÃE E PAI,1,PAI EIRMÃO,2,,2,,,2,47.3,1.5,21.3,77.0,,80.0,34.0,39.0,39.0,130.0,80.0,75.0,1-Jan,nan,5.0,5,10.0,4.0,2.5,,12.0,150.0,7.1,26.0,4.39,112.0,9.5,1.9,28.0,0.7,>90,11.0,23.0,131.0,58.0,1.7,1.1,,260.0,172.0,41.0,287.0,219.0,47.0,,22,"4,89MG",,,Esteatose Hepática Moderada,21.3,1.046,6.59,3.82,565.0,20.0,3.05,0.96,20.9,14.8,19.3,18.2,,,,,,,,,,,SEM ALTERAÇÕES. FE 64%. ,,"A mediana das velocidades de propagação das ondas de cisalhamento (Vs) foi aferida em 1,54 m/s, correspondendo a mediana das elasticidades (E) em 7,15 kPa (IQR/med: 12,9 %).",NORMAL,,TESTE GENÉTICO + PARA LPF TIPO 2
43,43.0,,15592120,Clegiane Chagas Amaral,98987524342,1980-08-29,42.0,1,,Icatu,COSTUREIRA,3,2,ensino médio completo,,2,,,nan,2,2,,,,2,,,,2,,,2,5,2,2,,2,,1,G2P2,2,2,0,2,,4,2,,1,MÃE E TIAS E PRIMAS,1,MÃE E TIAS E PRIMAS,1,"MAE, TIAS E PRIMAS",1,MÃE E TIO,2,,2,,,2,68.4,1.48,,83.0,,100.0,29.0,53.0,51.0,110.0,60.0,80.0,1-Jan,nan,,,,,,,,160.0,2.6,12.0,2.4,88.0,5.6,17.2,19.0,0.68,>90,23.0,18.0,13.0,59.0,1.7,1.1,,186.0,93.0,76.0,76.0,110.0,17.0,,4,,,,,30.1,1.219,7.72,15.62,489.0,42.9,1.1,0.87,49.2,16.8,17.1,41.7,,,,,,,,,,,,,,,,
44,44.0,,5442621,Carliane Chagas De Banhos,98985696517,1982-11-18,40.0,1,,Icatu,COSTUREIRA,3,2,ENSINO MÉDIO COMPLETO,,2,,,nan,2,2,,,,2,,,,2,,,2,5,2,2,,2,,2,G2P2,2,2,0,2,,4,2,,1,MÃE TIOS E TIAS,1,MAE TIOS E TIAS,2,MÃE TIOS E TIAS,1,TIOS E TIAS,2,,2,,,2,60.8,1.48,,82.0,,101.0,32.0,48.0,49.0,110.0,60.0,72.0,1-Jan,nan,,,,,,,,211.0,2.2,10.0,1.92,89.0,5.2,16.5,26.0,0.55,>90,20.0,20.0,18.0,61.0,2.7,1.2,,154.0,71.0,69.0,56.0,85.0,14.0,,<3,,,,,27.4,1.204,6.83,10.74,441.0,40.5,1.11,0.87,46.7,14.8,17.0,39.1,,,,,,,,,,,,,,,,TESTE GENÉTICO NEGATIVO
45,45.0,,1745948,Valberdan Santos De Assunção,98999036962,1975-12-09,47.0,2,,São Luis,FUNCIONÁRIO PÚBLICO,2,2,ENSINO SUPERIOR COMPLETO,,1,6 MESES,MTF,2X 850,2,2,,,,2,,,,2,,,2,5,2,2,,2,,4,,,,,3,,1,2,,1,MÃE E IRMÃOS,1,IRMÃ E IRMÃO,2,,1,IRMÃO E MAE,1,MÃE,2,,,2,92.7,1.67,,98.0,,102.0,41.0,51.0,44.0,110.0,67.0,78.0,31-Dec,1.20E+00,,,,,,,,,,,,,,,,,,,,,,,,,,,,,,,,,,,,,,,,,,,,,,,,,,,,,,,,,,,,,,,,
46,46.0,,1299182,Waltecimar Santos De Assunção,98982927005,1957-02-03,66.0,2,,São Luis,GRÁFICO,3,2,ENSINO MÉDIO COMPLETO,,2,,,nan,2,1,3 ANOS,LOSRATANA + HIDROCLOROTIAZIDA,50/25,2,,,,2,,,2,5,2,2,,2,,4,,,,,3,,1,2,,1,IRMÃ M PAI E MAE,1,IRMÃOS,1,IRMÃOS E MAE,1,IRMÃO,1,IRMÃO,2,,,2,91.0,,,107.0,,103.0,43.0,46.0,43.0,172.0,91.0,91.0,31-Dec,1.2,,,,,,,,158.0,6.1,20.0,3.82,124.0,8.1,9.5,50.0,1.21,49,16.0,18.0,19.0,60.0,1.7,0.9,,182.0,116.0,37.0,175.0,145.0,29.0,,52,,,,,,,,,,,,,,,,,,,,,,,,,,,,,,,,
47,47.0,,,Paulo Henrique Dos Santos Correa,98984120854,1972-02-06,51.0,2,,São Luis,FUNCIONÁRIO PUBLICO,1,1,PÓS GRADUADO,,2,,,nan,2,2,,,,1,,,,2,,,2,5,2,2,,1,,4,,,,,3,,3,2,,1,IRMÃO,1,IRMÃO,2,,1,MÃE,2,,2,,,2,82.5,1.66,,102.0,,99.0,37.0,,47.0,133.0,75.0,85.0,1-Jan,nan,,,,,,,,190.0,4.1,16.0,2.7,106.0,6.0,6.2,32.0,1.0,>90,21.0,27.0,28.0,82.0,1.1,1.3,,168.0,94.0,31.0,320.0,137.0,43.0,,<3,,,,,,,,,,,,,,,,,,,,,,,,,,,,,,,,TESTE GENÉTICO NEGATIVO
48,48.0,,3917568,Luis Alvaro Dos Santos Correia,98999728257,1962-02-19,61.0,2,,São Luis,FUNCIONÁRIO PÚBLICO,3,1,ENSINO SUPERIOR COMPLETO,,1,20 ANOS,LANTUS E APIDRA,nan,2,1,03 ANOS,LOSARTANA,,1,>10 ANOS,LIPIDIL /ATORVASTATINA,,2,,,2,5,2,2,,2,,4,,,,,3,,4,2,,2,,1,IRMÃO,2,,1,MÃE,2,,2,,,2,64.0,1.55,,89.0,,90.0,38.0,43.0,41.0,148.0,81.0,98.0,1-Jan,nan,,,,,,,,236.0,,,3.37,275.0,11.8,2.4,50.0,1.22,67,19.0,45.0,89.0,55.0,0.05,2.5,,188.0,102.0,37.0,364.0,151.0,49.0,,178,,,,,,,,,,,,,,,,,,,,,,,,,,,,,,,,TESTE GENÉTICO NEGATIVO
49,49.0,,15586677,João Valdivino Dantos Assunção,98992455925,1972-06-26,50.0,2,,São Luis,FUNCIONÁRIO PÚBLICO,3,2,ENSINO MEDIO COMPLETO,,2,,,nan,2,2,,,,2,,,,5,,,2,5,2,2,,1,,,,,,,,,1,2,,1,IRMÃOS E MAE,1,IRMÃOS E MÃE,1,PAI/MAE IRMAOS,1,IRMÃO E MÃE,1,,2,,,2,,,,,,,,,,,,,nan,nan,,,,,,,,,,,,,,,,,,,,,,,,,,,,,,,,"<3,0",,,,,,,,,,,,,,,,,,,,,,,,,,,,,,,,TESTE GENÉTICO + PARA LPL
50,50.0,,10029567,Valfredo Santos De Assunção,98988832463,1968-01-12,55.0,2,,São Luis,FUNCIONÁRIO PÚBLICO,3,2,ENSINO MÉDIO COMPLETO,,1,25 ANOS,MTF/GLICAZIDA,"2,5/60",2,1,03 ANOS,LOSARTANA/METROPOLOL,,1,01 ANO,ROSUVASTATINA/EZETIMIBA,20-Oct,2,,,2,3,2,2,,1,,4,,,,,3,,3,2,,1,IRMÃOS/ MAE,1,IRMÃOS E MÃE,1,IRMÃOS E MAE,1,IRMÃO/MÃE,1,IRMÃO,2,,,2,82.3,1.64,,100.0,,103.0,41.0,52.0,49.0,130.0,80.0,79.0,1-Jan,nan,,,,,,,,117.0,4.7,11.0,2.54,176.0,8.3,4.5,35.0,1.08,81,21.0,24.0,86.0,60.0,3.9,1.5,,80.0,34.0,32.0,63.0,48.0,14.0,,67,,,,DOENÇA HEPÁTICA GORDUROSA MODERADA,,,,,,,,,,,,,,,,,,,,,,,FEVE 22% HIPERTROFIA CONCÊNTRIVA DE ve/ HIPOCINESIA DIFUSA/ HIPPERTENSÃO PULMONAR,,,,,TESTE GENÉTICO NEGATIVO
51,51.0,,15595374,Regilene Cardoso Cunha,99985088127,1977-10-25,45.0,1,,Bacabal,DOMÉSTICA,2,1,FUNDAMENTAL COMPLETO,,2,,,nan,2,2,,,,2,,,,5,,,2,2,2,2,,2,,1,G1P1,1,1,0,3,,5,2,,1,IRMAS E MAE,1,IRMAS E MAE,1,IRMAS E MAE,1,IRMA,1,IEMA,2,,,2,60.0,1.65,,81.0,,90.0,35.0,45.0,47.0,146.0,102.0,65.0,SIM,AXILA E VIRILHA,,,,,,,,213.0,2.6,11.0,2.3,97.0,5.7,5.6,24.0,0.79,>90,24.0,22.0,53.0,63.0,2.1,0.9,,277.0,164.0,77.0,197.0,200.0,36.0,,7,,,,,21.7,1.244,6.96,5.84,778.0,35.0,3.06,1.19,29.3,18.9,19.4,26.5,,,,,,,,,,,CAVIDADES CARDÍACAS COM DIMENSÕES NORMAIS. REGURGITAÇÃO MITRAL E TRICUSPIDE DISCRETAS. PSAP 27 mmHg. FE 74%,,,,,TESTE GENÉTICO + PARA LPF TIPO 2
52,52.0,,,Ana Vitória Cunha De Sousa,99985088127,2016-12-18,6.0,1,,Bacabal,ESTUDANTE,2,1,ENSINO FUNDAMENTAL INCOMPLTO,,2,,,nan,2,2,,,,2,,,,5,,,2,2,2,2,,2,,4,,,,,3,,5,2,,1,TIOS E TIAS MATERNAS,1,TIOS E TIAS MATERNAS,1,TIOS E TIAS MATERNAS,1,TIA MATERNA E PAI COM AVE,1,TIA MATERNA,2,,,2,22.6,,,54.0,,63.0,28.0,,,,,,SIM,CERVICAL E AXILA,,,,,,,,200.0,1.7,8.0,1.29,88.0,5.8,2.1,21.0,0.42,>90,27.0,27.0,12.0,394.0,1.3,1.2,,174.0,97.0,64.0,50.0,110.0,13.0,,3,,,,,,,,,,,,,,,,,,,,,,,,,,,,,,,,TESTE GENÉTICO NEGATIVO
53,53.0,2024-09-11,13387049,Judite Lima Dos Santos,98988601663,,68.0,1,,Timbiras-Ma,APOSENTADA,3,3,ENSINO MÉDIO COMPLETO,,1,12 ANOS,MET/Evogliptina/Glicazida/Dapaglifozina,2.0/5/60/10,2,2,,,,2,,,,2,,,2,2,2,1,,1,,4,G6P3A3,6,3,3,1,17 ANOS,1,2,,1,PAI / 6 IRMÃOS / FILHO,2,,1,PAI / 6 IRMÃOS,2,,2,,2,,,2,69.5,1.56,28.55,107.0,,104.5,37.2,39.5,41.5,132.0,88.0,98.0,NÃO,nan,7.0,14,23.0,4.0,5.75,,,134.0,,12.0,2.82,161.0,7.2,1.4,30.0,0.74,>90,16.0,14.0,31.0,97.0,3.1,1.1,,151.0,74.0,54.0,151.0,97.0,23.0,,3,,,,ESTEATOSE HEPÁTICA (GRAU II),31.5,0.999,7.38,13.12,2054.0,51.1,3.44,1.23,41.3,16.1,19.4,42.8,,,,,,,,,,,FE 74%. REMODELAMENTO CONCENTRICO DE VE,,"A MEDIANA DAS VELOCIDADES DE PROPAGAÇÃO DAS ONDAS DE CISALHAMENTO (VS) FOI AFERIDA EM 2,33 M/S, CORRESPONDENDO A MEDIANA DAS ELASTICIDADES (E) EM 16,34 KPA (IQR/MED: 37,4 %). * COMPATÍVEL COM HEPATOPATIA CRÔNICA COMPENSADA.",NORMAL,,TESTE GENÉTICO NEGATIVO
54,54.0,2024-10-09,5581079,Gracilene Diniz Nascimento,98982502441,1971-09-13,53.0,1,,Morros,SERVIÇOS GERAIS,3,1,2º GRAU COMPLETO,,1,10 ANOS,GLIFAGE/GLICLAZIDA/DAPAGLIFLOZINA,2/60/10,2,1,20 ANOS,LOSARTANA/BISOPROLOL/ALDACTONE,100/10/25,1,20 ANOS,ROSUVASTATINA / FENOFIBRATO,20/160,2,,,2,1,2,2,,2,,4,G4P2A2,4,2,2,1,1 ANO,1,2,,1,MÃE / IRMÃO,1,MÃE,1,MÃE E PAI,1,PAI E MÃE,2,,2,,,2,57.0,1.49,25.67,87.0,,90.0,45.0,50.0,46.0,100.0,70.0,62.0,NÃO,nan,8.0,4,12.0,2.0,6,,,164.0,29.72,51.0,7.39,236.0,12.6,0.7,38.0,1.2,54,29.0,49.0,153.0,71.0,2.2,1.2,,172.0,95.0,26.0,447.0,146.0,51.0,,4,,,,ESTEATOSE HEPÁTICA MODERADA,24.8,,9.08,,,15.8,,0.87,18.2,,,15.1,,,,,,,,,,,DISFUNÇÃO SISTÓLICA GLOBAL DO VE. AUMENTO DAS DIMENSÕES DO VE. HIPERTROFIA CONCENTRICA DO VE DE GRAU DISCRETO. REFLUXO MITRAL DISCRETO. FE 43%,," A mediana das velocidades de propagação das ondas de cisalhamento (Vs) foi aferida em 1,96 m/s, correspondendo a mediana das elasticidades (E) em 11.48 kPa (IQR/med: 20 %). Provável hepatopatia crônica compensada.",ATEROSCLEROSE  BILATERAL SEM SINAIS DE REPERCURSÃO HEMODINÂMICA,"GLÂNDULA TIREOIDE COM ECOTEXTURA HETEROGÊNEA, SUGERINDO DOENÇA DIFUSA DA TIREOIDE. NÓDULOS TIREOIDEANOS BILATERAIS. CISTOS COLOIDES BILATERAIS.",TESTE GENÉTICO + PARA LPF TIPO 2
55,55.0,2024-10-16,5655480,Maria Do Rosário Vieira Diniz Nascimento,9884183208,1954-07-14,70.0,1,,Morros,APOSENTADA,3,5,FUNDAMENTAL INCOMPLETO,,1,1 ANO,METFORMINA / GLIMEPIRIDA,850/2,2,1,2,LOSARTANA/ATENOLOL/ESPIRONOLACTONA,100/100/25,1,21 ANOS,ATORVASTATINA/EZETIMIBA,40/10,2,,,2,1,2,2,,2,,4,G8P7A1,8,7,1,1,25 ANOS,1,2,,1,4 IRMÃOS/1 SOBRINHA / 2 FILHOS,1,FILHA,1,FILHA,2,,2,,2,,,2,54.3,1.46,25.4,81.0,,89.0,42.0,44.0,44.0,127.0,,,NÃO,nan,6.0,5,12.0,5.0,2.4,,,94.0,31.0,195.0,14.0,65.0,6.0,5.9,50.0,1.13,52,33.0,39.0,70.0,65.0,1.7,1.3,,181.0,112.0,33.0,249.0,,36.0,,4,4,,,NORMAL,,,,,,,,,,,,,,,,,,,,,,,FE 63%. NORMAL.,,19.31 kPa (IQR/med: 21.6 %). Hepatia crônica com provável Hipertensão Portal,ATEROSCLEROSE  BILATERAL SEM SINAIS DE REPERCURSÃO HEMODINÂMICA,,TESTE GENÉTICO + PARA LPF TIPO 2
56,56.0,2024-10-16,15941876,Giulianne Diniz Nascimento,9883478302,1992-12-14,31.0,1,,São Luis,DOR LAR,1,1,2º GRAU COMPLETO,,2,,,nan,2,2,,,,2,,,,2,,,2,2,2,2,,2,,3,G1P1A0,1,1,0,2,,3,2,,1,1 PRIMA,1,MÃE,1,MÃE,2,,2,,2,,,2,55.2,1.55,22.9,73.0,,87.0,39.0,45.0,45.0,103.0,60.0,76.0,SIM,"CERVICAL,AXILA E VIRILHA",6.0,4,14.0,5.0,2.8,,,291.0,23.4,94.0,10.8,102.0,5.5,1.4,21.0,0.8,>90,18.0,28.0,25.0,59.0,2.1,1.3,,217.0,124.0,38.0,449.0,179.0,55.0,,4,,,,ESTEATOSE HEPÁTICA LEVE / MICROLITÍASE EM RIM DIREITO,22.5,1.208,7.88,4.05,716.0,24.6,3.64,1.78,13.8,18.9,20.7,18.4,,,,,,,,,,,FE 68% / INSUFICIÊNCIA MITRAL E TRICÚSPIDE DE GRAU DISCRETO,,,NORMAL,NORMAL,TESTE GENÉTICO + PARA LPF TIPO 2
57,57.0,2024-10-30,5147670,Danusia Cristina Santana Leite,98987698192,1984-07-29,40.0,1,,Santa Rita-Ma,DO LAR,3,2,2º GRAU COMPLETO,,1,07 ANOS,METFORMINA/PIOGLITAZONA/GLIBENCLAMIDA,2/30/10,2,1,04 ANOS,LOSARTANA/ANLODIPINO,"50/2,5",1,04 ANOS,SINVASTATINA,20,1,,,2,2,2,2,,2,,1,G5P3A2,5,3,2,2,,1,2,,1,PAI/IRMÃO,1,PAI/IRMÃO,1,MÃE,2,,2,,2,,,2,90.3,1.62,34.4,117.0,,109.0,37.0,52.0,50.0,117.0,71.0,98.0,SIM,"CERVICAL,AXILA E VIRILHA",8.0,6,12.0,7.0,1.71,,,289.0,,41.0,4.84,292.0,8.7,11.4,29.0,0.55,>90,56.0,58.0,57.0,50.0,0.05,1.2,,134.0,58.0,52.0,165.0,82.0,24.0,,188,,,,,,,8.02,,1.369,49.7,,1.45,34,21.0,,38.5,,,,,,,,,,,FE 68% / NORMAL,F2/S3,,NORMAL,"VOLUME NORMAL, TEXTURA HETEROGÊNEA, CONTORNOS REGULARES, COM NÓDULOS: LD: N1 1/3 SUP NÓDULO MISTO ISOECOICO 1,2 X 0,3 X 0,8CM (TIRADS 2) N2 1/3 MÉDIO: NÓDULO CÍSTICO, 0,5 X 0,2 X 0,5CM (TIRADS 1) LE: VÁRIOS CISTOS, O MAIOR MEDINDO 0,9X0,4CM.",TESTE GENÉTICO NEGATIVO
58,58.0,2024-10-30,49875,Igor Nelson Silva Soares,98988933441,1986-11-16,37.0,2,,São Luis,MOTORISTA,3,4,2º GRAU COMPLETO,,2,,,nan,2,1,3 MESES,ENALAPRIL,5,1,02 ANOS,CIPROFIBRATO/ROSUVASTATINA,100/20,2,,,2,2,2,2,,1,,4,,,,,3,,1,2,,2,,1,MÃE,1,MÃE,2,,1,MÃE,2,,,2,131.0,1.83,39.11,123.0,,128.0,43.0,61.0,59.0,140.0,100.0,69.0,SIM,"CERVICAL,AXILA E VIRILHA",9.0,8,15.0,8.0,1.87,,,,,,,,,,,,,,,,,,,,,,,,,,,,,,,ESTEATOSE HEPÁTICA MODERADA,,,,,,,,,,,,,,,,,,,,,,,,F0/F1/S3,,,,DEFICIENCIA DE APO A-5
59,59.0,2024-04-12,15117812,Maria De Nazare Nascimento Alves Correa,98988889851,1967-01-16,57.0,1,,Itapecuru-Ma,DO LAR,3,1,1º GRAU COMPLETO,,1,07 ANOS,NPH/IR/METFORMINA,62/33/850,2,1,5 ANOS,LOSARTANA/HCTZ,50/25,1,07 ANOS,SINVASTATINA,40,2,,,2,2,2,2,,2,,4,G4P4A0,4,4,0,1,11 ANOS,1,2,,1,MÃE,1,MÃE,1,"MÃE, 3 IRMÃOS",2,,1,IRMÃO,2,,,2,48.3,146.5,22.65,85.0,,91.0,35.0,38.0,37.0,130.0,70.0,80.0,NÃO,nan,4.0,4,6.0,2.0,3,,,,,,,,,,,,,,,,,,,,,,,,,,,332,,,,"CISTO EM RIM DIREITO, CÁLCULO RENAL BILATERAL, SINAIS DE CALIPIEOLOECTASIA À ESQUERDA",,,,,,,,,,,,,,,,,,,,,,,,,,,,TESTE GENÉTICO NEGATIVO
60,60.0,2024-11-12,12784834,Maria Barbara Costa Cantanheide,98988664534,1953-12-04,71.0,1,,Sãp Bento-Ma,APOSENTADA,3,2,2º GRAU COMPLETO,,1,41 ANOS,NPH/GLICLAZIDA/DAPAGLIFLOZINA/METFORMINA,22/90/10/2,2,1,41 ANOS,ATENOLOL/ENALAPRIL/HCTZ/ANLODIPINO,"50/20/12,5/10",1,41 ANOS,ROSUVASTATINA,40,2,,,2,2,2,2,,2,,4,G0,0,,,1,,5,2,,1,1 IRMÃ,1,IRMÃ,1,4 IRMÃOS,2,,1,IRMÃ,2,,,2,49.4,1.48,22.55,87.0,,87.0,33.5,37.5,37.5,160.0,60.0,66.0,NÃO,nan,4.0,4,8.0,3.0,2.88,,,100.0,,,2.2,88.0,9.2,5.1,32.0,0.58,>90,21.0,37.0,20.0,52.0,,1.2,,103.0,40.0,38.0,177.0,65.0,25.0,,,22,,,ESTEATOSE HEPATICA LEVE,,,,,,,,,,,,,,,,,,,,,,,FE 62% / ALTERAÇÃO DE RELAXAMENTO DE VE,,,,"NÓDULOS ESPONGIFORMES (TIRADS 1) EM LE, MEDEM ATÉ 0.9CM. NÓDULOS PREDOMINANTEMENTE SÓLIDOS COM CONTEÚDO SÓLIDO ISOECOGÊNICO, CIRCUNSCRITOS, MAIS LARGOS QUE ALTOS (TIRADS 3) NO LD, 1/3 INF 0.8X0.6X0.5CM E 1/3 SUP 0.4X0.3X0.2CM",TESTE GENÉTICO NEGATIVO
61,61.0,2024-11-12,1899880,Rosa Vieira Da Silva Gomes,98988136043,1966-04-05,58.0,1,,São Luis,DO LAR,3,2,FUNDAMENTAL INCOMPLETO,,1,5 ANOS,METFORMINA,2,2,1,5 ANOS,LOSARTANA,100,1,23 ANOS,CIPROFIBRATO/ATORVASTATINA,100/80,2,,,2,2,2,2,,2,,4,G2P2A0,2,2,0,1,6 ANOS,5,2,,1,2 IRMÃS,1,"PAI, MÃE, 14 IRMÃOS",1,"PAI, MÃE, 14 IRMÃOS",1,"PAI, MÃE, 6 IRMÃOS",2,,2,,,2,62.1,1.51,27.23,89.0,,94.0,32.5,44.0,42.0,97.0,68.0,70.0,NÃO,nan,14.0,10,12.0,10.0,1.2,,,,,,,,,,,,,,,,,,,,,,,,,,,,8.45,,,ESTEATOSE HEPÁTICA MODERADA,,,,,,,,,,,,,,,,,,,,,,,FE 71% / NORMAL,,,,"2 IMAGENS ANECOICAS NO POLO INFERIOR BORDA ANTERIOR, MEDINDO 0.29X0.4 E 0.3X0.2CM (TIRADS 1)",TESTE GENÉTICO NEGATIVO
62,62.0,2025-04-24,13797506,Moises Mendes Da Silva Sirino,99985386306,,9.0,2,9.0,Pastos Bons,,3,1,1° GRAU INCOMPLETO,,2,,,2,2,2,,,,2,,,,2,,,2,2,2,2,,2,,4,,,,,3,,5,2,,2,,2,,1,MÃE,2,,2,,2,,,2,30.0,1.33,16.95,64.0,,69.0,29.0,36.0,35.0,,,89.0,NÃO,nan,3.0,2,4.0,4.0,1,,,117.0,,7.0,,84.0,5.5,0.7,22.0,0.34,>90,27.0,43.0,12.0,110.0,2.8,1.4,,132.0,84.0,28.0,105.0,104.0,20.0,,4,,,,HEPATOMEGALIA LEVE,,,,,,,,,,,,,,,,,,,,,,,FE 63% / FORAME OVAL PERMEÁVEL,,,,,TESTE GENÉTICO POSITIVO CAV1 / HOMOZIGOSE
63,63.0,2025-06-12,16132238,Isaque Emanuel Mendes Da Silva Sirino,99985386306,,6.0,2,6.0,Pastos Bons,,3,1,,,2,,,nan,2,2,,,,2,,,,2,,,2,2,2,2,,2,,4,,,,,3,,1,2,,2,,2,,1,MÃE,2,,2,,2,,,2,7.2,0.64,17.57,45.5,,,26.5,22.5,22.5,,,,nan,nan,,,,,,,,69.0,,4.0,1.34,97.0,5.0,0.7,11.0,0.22,>90,50.0,84.0,26.0,236.0,5.8,1.5,,119.0,69.0,27.0,151.0,92.0,23.0,,,,,,,,,,,,,,,,,,,,,,,,,,,,,,,,,,TESTE GENÉTICO POSITIVO CAV1 / HOMOZIGOSE
64,64.0,2025-04-24,15879534,Antonio Everton Da Silva Sirino,99985386306,,41.0,2,41.0,Pastos Bons,LAVRADOR,3,2,1º GRAU INCOMPLETO,,2,,,nan,2,2,,,,2,,,,2,,,2,2,2,3,13,3,13,4,,,,,3,,1,2,,2,,1,MÃE,1,PAI,2,,2,,2,,,2,74.0,1.56,30.4,98.0,,104.0,38.0,46.0,45.0,120.0,80.0,80.0,NÃO,nan,12.0,10,20.0,9.0,2.22,,,150.0,,6.0,1.49,99.0,5.2,2.9,22.0,0.87,>90,16.0,23.0,25.0,40.0,3.1,1.1,,162.0,81.0,60.0,113.0,102.0,21.0,,,<3.0MG/L,,,"CISTOS RENAIS BILATERAIS, ALGUNS DELES SEPTADOS",,,,,,,,,,,,,,,,,,,,,,,,,,,,TESTE GENÉTICO POSITIVO CAV1  / HETEROZIGOSE
65,65.0,2025-05-29,15879526,Juliana Mendes Da Silva Sirino,99985386306,1996-02-11,28.0,1,28.0,Pastos Bons,DO LAR,3,2,2º GRAU COMPLETO,,2,,,nan,2,1,10 ANOS,ABLOK PLUS ,25+15MG,2,,,,2,,,2,2,2,2,,2,,4,SIM,4,3,1,2,,1,2,,2,,1,MÃE,1,MÃE E PAI,2,,2,,2,,,2,79.9,1.45,37.7,,,,,,,,,,nan,nan,,,,,,,,186.0,,20.0,2.73,87.0,5.1,45.7,19.0,0.52,>90,20.0,18.0,15.0,82.0,2.1,1.3,,243.0,143.0,79.0,98.0,164.0,21.0,,,,,,,,,,,,,,,,,,,,,,,,,,,,,,,,,,TESTE GENÉTICO POSITIVO CAV1  / HETEROZIGOSE
66,66.0,2025-06-02,1389904,Maria Isaura De Sousa,98991629738,1961-07-03,64.0,1,64.0,Vargem Grande,APOSENTADA,3,1,4,,1,20 ANOS,METFORMINA / INPH / DAPAGLIFLOZINA,850MG 3X / 58UI / 10MG,2,2,,,,1,20 ANOS,SINVASTATINA,40MG,1,HASHIMOTO,07 ANOS,2,2,2,3,,3,,4,SIM,3,3,0,1,14 ANOS,1,2,,1,FILHA,1,MÃE,2,,2,,2,,2,,,2,65.7,1.52,28.43,103.0,,91.0,33.0,42.0,42.0,130.0,70.0,82.0,NÃO,nan,6.0,9,20.0,4.0,5,,,,,,,,,,,,,,,,,,,,,,,,,,,,,,,ESTEATOSE HEPÁTICA LEVE,,,,,,,,,,,,,,,,,,,,,,,,,,,,TESTE GENÉTICO NEGATIVO
67,67.0,2025-06-25,16126130,Safira Gomes De Oliveira,98984492925,,1.0,1,1.0,São Luis,,3,1,,"PALATO OGIVAL, HIPERTELORISMO OCULAR, SUTIL ROTAÇÃO DA ORELHA",2,,,nan,2,,,,,2,,,,2,,,2,2,2,2,,2,,4,NÃO,0,0,0,2,,1,2,,2,,2,,2,,2,,2,,2,,,2,9.8,74.0,17.89,,,,,,,,,,SIM,3,,,,,,,,93.0,,9.0,2.08,88.0,4.8,0.7,14.0,0.32,>90,36.0,25.0,9.0,206.0,2.4,1.4,,100.0,48.0,34.0,93.0,66.0,18.0,,,6,,,SEM ALTERAÇÕES.,,,,,,,,,,,,,,,,,,,,,,,,,,,,TESTE GENÉTICO POSITIVO PARA LIPODISTROFIA GENERALIZADA TIPO 1 (AGPAT2) 2 CÓPIAS EM HETEROZIGOSE
68,68.0,2025-06-25,9455477,Tatiana Cristina Da Silva Correa,98987735892,,46.0,1,46.0,São Luis,DOMESTICA,3,4,2º GRAU COMPLETO,,1,03 ANOS,METFORMINA / INPH / IR,1.5G / 56 UI / 14UI,2,1,03 ANOS,BRASART HCT / SELOZOK,320+12.5MG / 50MG,1,03 ANOS,CIPROFIBRATO,100MG,2,,,2,2,2,2,,2,,3,NÃO,0,0,0,2,,1,2,,2,,1,04 IRMÃOS,1,04 IRMÃOS,2,,1,03 IRMÃOS,2,,,2,60.0,1.5,26.6,89.0,,90.0,34.0,50.0,50.0,140.0,80.0,80.0,SIM,1.3.4,11.0,10,22.0,6.0,3.6,,,,,,,,,,,,,,,,,,,,,,,,,,,,,,,,,,,,,,,,,,,,,,,,,,,,,,,,,,,
69,69.0,2025-06-18,15534170,Maria Helena Da Silva Nunes,63991103755,,7.0,1,7.0,Araguaína-Ma,,3,1,1º GRAU INCOMPLETO,,2,,,nan,2,2,,,,2,,,,2,,,2,2,2,2,,2,,4,NÃO,0,,,2,,5,2,,1,"AVÔ MATERNO, MÃE E TIAS",1,AVÓS MATERNOS,1,"AVÔ MATERNO, MÃE E TIAS",1,AVÔ MATERNO ,2,,2,,,2,25.7,1.21,17.55,57.0,,64.0,26.0,37.0,37.0,,,96.0,NÃO,nan,8.0,7,7.0,7.0,1,,,,,,,85.0,5.3,,31.0,0.47,>90,32.0,16.0,18.0,310.0,1.5,1.3,,138.0,79.0,41.0,94.0,97.0,18.0,,,,,,,,,,,,,,,,,,,,,,,,,,,,,,,,,,TESTE GENÉTICO POSITIVO PARA LMNA / HETEROZIGOSE
70,70.0,2025-07-31,13921916,Ester Da Costa Ribeiro,99984626705,2012-06-03,13.0,1,13.0,Paços Bons,,3,1,1º GRAU INCOMPLETO,ACANTOSE + PERDA DE TECIDO ADIPOSO SUBCUTÂNEO GENERALIZADO,2,,,nan,2,2,,,,1,1 ANO,NÃO,,2,,,2,2,2,2,,2,,,NÃO,0,,,2,,1,2,,1,AVÔ MATERNO,1,AVÔ MATERNO,1,"MÃE, AVÔ MATERNO E AVÓ PATERNA",1,MÃE,2,,2,,,1,42.0,1.47,19.43,69.0,,78.0,30.0,32.5,32.5,,,82.0,SIM,"AXILA, CERVICAL E VIRILHA",,,,,,,,115.0,,42.0,4.37,80.0,6.9,0.7,19.0,0.33,>90,78.0,75.0,74.0,171.0,1.3,1.2,,177.0,112.0,22.0,320.0,155.0,43.0,,,45,,,NORMAL,,,,,,,,,,,,,,,,,,,,,,,FE 70%. SEM ALTERAÇÕES.,,,,,TESTE GENÉTICO POSITIVO CAV1 / HOMOZIGOSE
71,71.0,2025-08-27,16098137,Delves Costa Lopes,98988618268,,54.0,1,54.0,Pinheiros - Ma,COMERCIANTE,3,2,2º GRAU INCOMPLETO,,,,,nan,,,,,,,,,,,,,,,,,,,,,,,,,,,,,,,,,,,,,,,,,,,,,,,,,,,,,,,,nan,nan,,,,,,,,,,,,,,,,,,,,,,,,,,,,,,,,,,,,,,,,,,,,,,,,,,,,,,,,,,,,,,,,
72,,,PRONTUÁRIO,Nome,,,,SEXO,,Naturalidade,PROFISSÃO,COR,ESTADO CIVIL,ESCOLARIDADE,SINAIS E SINTOMAS,AMP - DM,TEMPO,MEDICAÇÃO,DOSE,AMP PRE-DM,AMP - HAS,TEMPO,MEDICAÇÃO,DOSE,AMP - DISLIPIDEMIA,TEMPO,MEDICAÇÃO,DOSE,DAI,QUAL?,TEMPO,Pancreatite,Doença coronariana,bronquiectasia,TABAGISMO,Quanto tempo,ETILISMO,Quanto tempo,MENSTRUAÇÃO,GESTAÇÃO,G,P,A,MENOPAUSA,TEMPO,EXERCICO,HF - DM1,,HF - DM2,QUEM,HF - DISLIPIDEMIA,QUEM,HF - HAS,QUEM,DOENCA CARDIOVASCULAR,QUEM,OBESIDADE,QUEM,DOENÇA AUTOIMUNE,QUEM,QUAL,PAIS CONSANGUINEOS,,,,,CLASSIFICAÇÂO,,,,,,,,AN,LOCAL,,PREGA DE BRAÇO ESQUERDO,,,ÍNDICE DE KÖB,,,-1.0,,,,,1.0,,,,Função Renal,,,,,,4.0,,,,,,,,,ALBUMINURIA,MICROALBUMINURIA,,,US DE ABDOME,IMC,,,,,,,,GINÓIDE,,,%GC,,,,MMMMSS,,,,,,,ECO,ELASTOGRAFIA,ELASTOGRAFIA POR ULTRASSONOGRAFIA,DOPPLER DE CARÓTIDAS ,US DE TIRÓIDE,TESTE GENÉTICO
73,,,,Nan,,,,,,Nan,,,,,,,,,nan,,,,,,,,,,,,,,,,,,,,,,,,,,,,,,,,,,,,,,,,,,,,,,,,,,,,,,,,nan,"1, CERVICAL",,,,,,,,,,,,,,,,,,,,,,,,,,,,,,,,,,,,,,,,,,,,,,,,,,,,,,,,,,,,,,,,
74,,,,Nan,,,,,,Nan,,,,,,,,,nan,,,,,,,,,,,,,,,,,,,,,,,,,,,,,,,,,,,,,,,,,,,,,,,,,,,,,,,,nan,"2, NUCA",,,,,,,,,,,,,,,,,,,,,,,,,,,,,,,,,,,,,,,,,,,,,,,,,,,,,,,,,,,,,,,,
75,,,,Nan,,,,,,Nan,,,,,,,,,nan,,,,,,,,,,,,,,,,,,,,,,,,,,,,,,,,,,,,,,,,,,,,,,,,,,,,,,,,nan,"3, AXILAS",,,,,,,,,,,,,,,,,,,,,,,,,,,,,,,,,,,,,,,,,,,,,,,,,,,,,,,,,,,,,,,,
76,,,,Nan,,,,,,Nan,,,,,,,,,nan,,,,,,,,,,,,,,,,,,,,,,,,,,,,,,,,,,,,,,,,,,,,,,,,,,,,,,,,nan,"4, VIRILHA",,,,,,,,,,,,,,,,,,,,,,,,,,,,,,,,,,,,,,,,,,,,,,,,,,,,,,,,,,,,,,,,
77,,,,Nan,,,,,,Nan,,COR: 01 BRANCA/02 PRETA/03 PARDA-MULATA/ 04 AMARELA/ 05 INDIGENA,,,,1 = sim,,,nan,,,,,,,,,,,,,,,,,,,,,,,,,,,,,,,,,,,,,,,,,,,,,,,,,,,,,,,,nan,5. NÁDEGAS,,,,,,,,,,,,,,,,,,,,,,,,,,,,,,,,,,,,,,,,,,,,,,,,,,,,,,,,,,,,,,,,
78,,,,Nan,,,,,,Nan,,,,,,2 = não,,,nan,,,,,,,,,,,,,,,,,,,,,,,,,,,,,,,,,,,,,,,,,,,,,,,,,,,,,,,,nan,nan,,,,,,,,,,,,,,,,,,,,,,,,,,,,,,,,,,,,,,,,,,,,,,,,,,,,,,,,,,,,,,,,
79,,,,Nan,,,,,,Nan,,,ESTADO CIVIL: 01 SOLTEIRO/02 CASADO/03 SEPARADO/04 UNIÃO ESTÁVEL / 05 DIVORCIADO,,,,,,nan,,,,,,,,,,,,,,,,,,,,,,,,,,,,,,,,,,,,,,,,,,,,,,,,,,,,,,,,nan,nan,,,,,,,,,,,,,,,,,,,,,,,,,,,,,,,,,,,,,,,,,,,,,,,,,,,,,,,,,,,,,,,,
80,,,,Nan,,,,SEXO: 01 = FEMININO; 02 = MASCULINO,,Nan,,,,,,,,,nan,,,,,,,,,,,,,,,,,,,,,,,,,,,,,,,,,,,,,,,,,,,,,,,,,,,,,,,,nan,nan,,,,,,,,,,,,,,,,,,,,,,,,,,,,,,,,,,,,,,,,,,,,,,,,,,,,,,,,,,,,,,,,
