,DATA DA ENTREVISTA,PRONTUÁRIO,NOME,FONE,DATA DE NASCIMENTO,IDADE NA ENTREVISTA,SEXO,IDADE ATUAL ,NATURALIDADE,PROFISSÃO,COR,ESTADO CIVIL,ESCOLARIDADE,SINAIS E SINTOMAS,AMP - DM,TEMPO,MEDICAÇÃO,DOSE,AMP PRE-DM,AMP - HAS,TEMPO,MEDICAÇÃO,DOSE,AMP - DISLIPIDEMIA,TEMPO,MEDICAÇÃO,DOSE,DAI,QUAL?,TEMPO,Pancreatite,Doença coronariana,bronquiectasia,TABAGISMO,Quanto tempo,ETILISMO,Quanto tempo,MENSTRUAÇÃO,GESTAÇÃO,G,P,A,MENOPAUSA,TEMPO,EXERCICO,HF - DM1,,HF - DM2,QUEM,HF - DISLIPIDEMIA,QUEM,HF - HAS,QUEM,DOENCA CARDIOVASCULAR,QUEM,OBESIDADE,QUEM,DOENÇA AUTOIMUNE,QUEM,QUAL,PAIS CONSANGUINEOS,PESO,ALTURA,IMC,CA,CLASSIFICAÇÂO,CQ,CP,CCD,CCE,PAS,PAD,FC,AN,LOCAL,PREGA DE COXA,PREGA DE BRAÇO ESQUERDO,PREGA SUESCAPULAR,PREGA  DA PANTURRILHA,ÍNDICE DE KÖB,MR,ESCORE Ca,IGF-1,HOMA-IR,INSULINA,PEPTIDEO C,GJ,HBA1C,LEPTINA,UR,CR,Função Renal,TGO,TGP,GGT,FA,TSH,T4L,CPK,CT,LDL,HDL,TG,N-HDL,VLDL,TTGO,ALBUMINURIA,MICROALBUMINURIA,RA/CR,,US DE ABDOME,IMC,DMO,IMMA,IMG,GV,ANDROIDE,GT/GP,A/G,GINÓIDE,MMA,MM - TRONCO,%GC,MGMMII,MMMMI,MGMMSS,MMMMSS,MMTRO,MGTR,,,,,ECO,ELASTOGRAFIA,ELASTOGRAFIA POR ULTRASSONOGRAFIA,DOPPLER DE CARÓTIDAS ,US DE TIRÓIDE,TESTE GENÉTICO
1,,13820753,ARTHUR DA SILVA OLIVEIRA,98-985973912,5/13/2016,4,2,,PAULINO NEVES,ESTUDANTE,3,1,fun incom,,2,,,,1,2,,,,1,01 ANOS,2,,2,,,2,5,2,2,,2,,4,4,4,,,3,,4,2,,1,AVÓ MATERNA/ TIA MATERNA,1,AVÓ MATERNA/TIA MATERNA,1,"AVÓS, TIOS E TIAS MATERNOS/ AVÔ PATERNO",1,AVÔ PATERNO,1,TIA E SOBRINHA MATERNA,1,,REUMATISMO,1,17.35,110,14.33,53,,54.5,27.5,32,32.5,,,65,1,01;02;03,,,,,,Normal,,,5.2,22,3.44,92,5,"<0,7",43,0.43,>90,22,22,24,263,3,1.4,,111,54,33,165,78,24,,4,,,,normal,14.33,0.727,4.95,2.35,,8.9,,0.74,11.6,6,8.4,13.6,,,,,,,,,,,AUMENTO DE ESPESSURA DE MIOCARDIO DE VE/ INSUFICIÊCIA TRICUSPIDE DISCRETA/DERRAME PERICÁRDICO MÍNIMO,NÃO REALIZADA (IDADE),,NÃO REALIZADA (IDADE),,TESTE GENÉTICO + PARA LPF TIPO 2
2,,13595377,ANA SOPHIA MACEDO NOGUEIRA,98-999705485,5/12/2013,8,1,,BARREIRINHAS,ESTUDANTE,1,1,fun incom,,2,,,,1,2,,,,2,,,,2,,,2,5,2,2,,2,,0,0,0,,,2,,1,2,,2,,2,,2,,2,,2,,2,,,2,26,124,"16,,9",60,,59,28,35,35,,,,1,01;02;03,,,,,,Normal,,183,3.35,17,2.01,80,5.3,0.3,19,0.4,>90,24,31,18,307,1.5,1.3,,95,44,23,201,72,28,,,,,, Esteatose hepática grau 1,16.9,0.699,5.52,1.81,,6,,0.65,9.1,9.2,11.9,10.8,,,,,,,,,,,,NÃO REALIZADA (IDADE),,NÃO REALIZADA (IDADE),,TESTE GENÉTICO + PARA LPF TIPO 2
3,,13434390,ROSA MARIA SILVA MACHADO,98-989157080,11/26/1971,49,1,,SANTA LUZIA,PEDAGOGA,1,2,3oGRAU,,2,,Rosuvastatina,,1,1,8,LOSARTANA,100,1,7,ROSUVASTATINA,20,2,,,2,5,2,2,,2,,4,2,2,,,1,2013,3,2,,1,MÃE/AVÓ MATERNA,1,MÃE,1,MÃE,2,,2,,1,MÃE /IRMÃ,HIPOTIROIDISMO,2,80.2,158,32.1,97,,105,35,55,52,140,80,92,1,01;03,20,19,23,11,2.09,Normal,0,,5.7,23,4.23,101,6.2,23.4,37,0.77,>90,19,13,46,72,2.6,1,,177,100,41,250,136,36,,21,,,,ESTEATOSE HEPATICA LEVE. VESCIULA BILIAR HIPODISTENDIDA ,31.6,1.266,7.85,13.2,"1,186",45.6,1.46,0.95,48.2,20.1,14.6,43.4,,,,,,,,,,,AUMENTO DA ESPESSURA RELATIVA DE VE/DISFUNÇÃO DIASTOLICA DE VE DISCRETA/INSUFICIÊNCIA MITRAL DISCRETA,F2; S1,,SISTEMA CAROTIDEO DIREITO COM PLACA HETEROGÊNEA NA BIFURCAÇÃO COM ESTENOSE <50%,"DAI COM NÓDULO < 1 CM, TIRADS 4",TESTE GENÉTICO NEGATIVO
4,,3777154,AQUILA CILICIA SILVA SEREJO,98-988776104,8/25/1986,34,1,,SÃO LUIS,ESTUDANTE,1,1,UNIVERSITÁRIA,,1,8,PIOGLITAZONA 45/ GLICAZIDA 120,45/120,2,2,,,,1,,CIPROFIBRATO ,100,2,,,2,5,2,2,,2,,2,0,0,,,2,,1,2,,1,PAI/MÃE/AVÔ PATERNO/PRIMOS,1,PAI E IRMÃO PATERNO,1,PAI,2,,2,,2,,,2,73.9,1.62,28.1,95.5,,104,41.5,46,47,110,80,76,1,01;03;04,,,,,,RDNPLeve,0,,,,4.52,192,8.3,1.6,25,0.51,>90,18,19,34,61,2.4,1,,152,81,29,351,123,42,,16,,,,esteatose moderada,26.9,1.015,7.2,9.87,"1,436",47.2,2.97,1.29,36.5,19.7,21.2,37,,,,,,,,,,,NORMAL,F0/F1; S3,,NORMAL,,TESTE GENÉTICO NEGATIVO
5,,1618822,FRANCYS REGINA CARDOSO ROSA,98-988203414,8/19/1973,47,1,,São Luis,ARQUITETA,1,4,3oGRAU,,1,27,APIDRA/GLARGINA/PIOGLITAZONA/METFORMINA,"14/42/45/1,5/20/10",2,2,,,,1,27,ATORVASTATINA/EZETIMIBA,40/10,2,,,2,5,sim,2,,2,,1,0,0,,,2,,1,2,,1,MÃE/IRMÃOS/TIOS PATERNOS,1,IRMÃO,1,IRMÃO,1,MÃE/PAI,2,,1,MÃE ,AR,2,63.9,155,26.6,90,,97,33,43,42.5,150,80,78,,1,,,,,,normal,,,,,2.8,275,8.6,21.3,29,0.84,86,20,22,27,55,1.4,1.2,,260,166,41,267,219,44,,<3,,,,,24.6,1.124,5.54,9.73,890,48.6,2.76,1.11,43.6,13.2,17.4,39.7,,,,,,,,,,,SINAIS DE ATEROMATOSE AÓRTICA/ hipertrofia de ve e disfunção de relaxamento de VE,,,normal,,
6,,10066985,MARIA ELISAMAR SANTOS DE ASSUNÇÃO ARAGÃO,98-999132819,10/16/1964,56,1,,SÃO LUIS,CUIDADORA,3,2,2o GRAU,,1,6,MTF/IR/INPH,2/16/70,2,1,4,LOSARTANA,100,1,27,CIPROFIBRATO/ATORVASTATINA,100/20,2,,,2,5,2,3,,3,,4,3,3,,,1,2018,1,2,,1,MÃE/IRMÃ,2,,1,MÃE,1,IRMÃO,1,PAIS/IRMÃOS,2,,,2,62.9,150,27.9,94,,85,33.5,39.5,38.5,150,80,,1,01;03,6,6,30,5,6,NORMAL,0,,,,3.71,165,10.8,8.2,42,0.93,72,42,41,48,84,1.6,1.3,,232,...,18,1395,214,...,,,6.39,,,,28.9,0.978,7.11,13.2,"1,368",45.6,4.24,0.95,48.2,20.1,18.6,39.2,,,,,,,,,,,NORMAL,F3/S3,,ATEROSCLEROSE A ESQUERDA SEM SINAIS DE REPERCUSSÃO HEMODINÂMICA,"GLÂNDULA COM VOLUME NORMAL, CONTORNOS REGULARES, TEXTURA HETEROGÊNEA. PADRÃO SUGESTIVO DE DOENÇA AUTOIMUNE. COM NÓDULO EM LE: 1/3 INFERIOR NÓDULO MISTO, ISOECOICO, 0,5X0,3X0,4CM TIRADS 2. ",TESTE GENÉTICO + PARA LPL
7,,1463591-7,LARYSSA DO NASCIMENTO SILVA,98-992399382,4/4/1997,23,1,,SÃO LUIS,ESTUDANTE,2,1,UNIVERSITÁRIA,,1,9,INPH/HUMALOG/MTF/PIO,,2,2,,,,1,5,CIPROFIBRATO,100,2,,,2,5,2,2,,2,,2,0,0,,,2,,1,1,IRMÃ,1,PAI/IRMÃ,1,PAI/PRIMOS,2,,1,PAI,2,,2,,,2,66,154,27.8,80,,84,37,47,47,130,80,82,1,01;03;04,7,7,16,6,2.66,normal,0,,,,2.57,196,9.4,2.6,24,0.73,>90,27,28,24,55,3,1.4,,164,87,31,402,133,46,,,8.8,,,esteatose leve,28.3,1.123,9.11,6.19,765,22.9,2.22,1.1,20.7,21.8,25.2,22.8,,,,,,,,,,,NORMAL,F3/S3,,normal,,TESTE GENÉTICO + PARA LPF TIPO 2
8,,14580853,ROSILENE CUNHA DE SOUSA,98-982031538,10/25/1977,43,1,,BACABAL,DO LAR,3,2,FUNDAMENTAL COMPLETO,,1,15,INPH/IR/PIO,46UI/13UI/30,2,1,1,LOSARTANA/HCTZ,100/25,1,15,ATORVASTATINA/EZETIMIBA,,2,,,2,5,2,2,,2,,1,2,2,,,2,,1,2,,1,IRMA,2,,2,,1,IRMÃ,1,IRMÃ,2,,,2,66.2,167,23.7,87,,87,36,45,45,140,80,76,1,,5,5,10,4,2.5,RDP COM LASER,,,,,0.5,55,9.5,4.3,28,0.83,>90,27,28,27,80,3.8,0.7,,293,190,48,325,245,55,,1714,,,,ESTEATOSE LEVE,23.7,1.116,7.36,5.91,"1,207",32.1,2.43,1.12,28.7,7.38,22.9,25.9,,,,,,,,,,,"FE 75%, HIPERTROFIA CONCENTRICA DE VE DE GRAU DISCRETO, ALTERAÇÃO DO RELAXAMENTO DO VE, VALVAS CARDÍACAS COM ASPECTO NORMAL",F2/S3,2.0-4.5 KPA // IQR 23% METAVIR F0,ATEROSCLEROSE DIFUSA DO SISTEMA CAROTIDEO EXTRACRANIANO SEM SINAIS DE REPERCUSSÃO HEMODINÂMICA,Cistos coloides nos lobos direito e esquerdo da tireóide.,TESTE GENÉTICO + PARA LPF TIPO 2
9,,2751283,MARIA JOSE VIEIRA CHAGAS,98-985866176,9/21/1959,61,1,,ICATU,LAVRADORA,3,2,FUNDAMENTAL INCOMPLETO,,1,30,INPH/MTF/PIOGLITAZONA,,2,1,10,ENALAPRIL,,1,20,ATORVASTATINA/CIPROFIBRATO,,1,HIPOTIROIDISMO,,2,1,2,2,,3,,4,7,7,,,1,2002,4,2,,1,IRMAS,1,IRMAS,1,PAI,2,,2,,2,,,2,48,147,22.2,84,,86,40,46,45,144,83,91,1,,4,3,6,3,2,HGRA2/RD TRATADA PÓS-LASER,248,,,,0.97,85,7.8,1.6,50,1.3,47,43,54,198,61,2.5,1.3,,146,76,45,145,101,25,,18,7.56,5.47,,ESTEATOSE HEPÁTICA / HEPATOMAGLIA,23.1,1.009,7.03,4.16,719,21.7,3.91,1.34,16.2,15.2,21.3,18.5,,,,,,,,,,,DISFUNÇÃO DIASTÓLICA DISCRETA/INSUFICIÊNCIA MITRAL DISCRETA,f3/s3," A mediana das velocidades de propagação das ondas de cisalhamento (Vs) foi aferida em 2.20 m/s, correspondendo a mediana das elasticidades (E) em 14.52 kPa (IQR/med: 26.4 %). - COMPATÍVEL COM HEPATOPATIA CRÔNICA COMPENSADA",espessamento médio intimo bilateral,"GLÂNDULA COM VOLUME NORMAL, CONTORNOS REGULARES, TEXTURA HETEROGÊNEA. PADRÃO SUGESTIVO DE DOENÇA AUTOIMUNE",TESTE GENÉTICO + PARA LPF TIPO 2
10,,10043845,BRASILINA SANTOS PINTO,98-991878679,2/3/1972,49,1,,SÃO JOÃO BATISTA,DO LAR,3,1,FUNDAMENTAL INCOMPLETO,,1,13,INPH/PIO/MTF,,,1,13,LOSARTANA/HCTZ/ANLODIPINA/ATENOLOL,,1,13,ATORVASTATINA/CIPROFIBRATO,,2,,,2,1,2,2,,2,,4,3,3,,,3,,1,2,,1,TIOS E PRIMOS MATERNOS,2,,2,,2,,2,,2,,,2,62.1,1.48,28.3,97,,99,42,45,47,160,95,101,1,1,5,4,10,4,2.5,RD LEVE E RHAS GRAU II,15,,,,1.92,125,7.8,2.5,32,1.05,65,22,30,34,26,3.1,1.4,,144,98,20,162,124,26,,8,0.09,0.09,,ESTEATOSE HEPÁTICA ACENTUADA,26.1,1.133,7.05,6.7,"1,412",32.8,2.36,1.48,22.1,16.5,22.7,27.1,,,,,,,,,,,,F0/F1/S3,,NORMAL,DAI,TESTE GENÉTICO + PARA LPF TIPO 2
11,,8199183,ERNILDA RODRIGUES DA SILVA,,,36,1,,São Luis,,1,2,2o grau,,1,8,INPH/IR/Glifage/forxiga,,,1,,losartana/concardio,,1,,ciprofibrato,,,,,1,,,,,,,,,,,,,,1,2,,1,,1,,1,,2,,2,,,,,,55.3,1.52,23.9,95,,96,34,46,47,110,80,63,1,,,,,,,normal,,,,,2.52,184,9.9,,20,0.43,>90,16,14,13,106,3.5,1.1,,653,,,472,,,,104,,33.16,,esteatose moderada,,,,,,,,,,,,,,,,,,,,,,,função diastólica do VE com alteração de relaxamento,,,,,
12,,14920034,DANIELE ARAÚJO BELEM,,,40,1,,São Luis,,3,1,2o grau,,1,,do,,,2,,,,1,,estatina,,,,,,,,,,,,,,,,,,,1,2,,1,,1,,1,,2,,2,,,,,,72.3,1.63,27.2,102,,105,40,47,46,110,80,70,,,,,,,,,,,,,,,,,,,,,,,,,,,,,,,,,,,,,,,,,,,,,,,,,,,,,,,,,,,,,,,,,,
13,,15544354,EDILENE PEREIRA DE OLIVEIRA,,,33,1,,,,3,2,2o grau,,1,,do,,,2,,,,2,,,,,,,,,,,,,,,,,,,,,1,2,,1,,1,,1,,2,,2,,,,,,75.1,1.62,28.6,105,,104,41,49,48,100,70,62,,,,,,,,,,,,,,,,,,,,,,,,,,,,,,,,,,,,,,,,,,,,,,,,,,,,,,,,,,,,,,,,,,MUTAÇÃO POSITIVA NO ABCA1 (HIPERCOLESTEROLEMIA FAMILIAR) 
14,,15331296,ANTONIA MARIA MELO ARAUJO FERREIRA,98-981160612,9/11/1961,60,1,,São luis,BANCÁRIA,2,2,SUPERIOR COMPLETO,,1,25,XULTOPHY/APIDRA/XIGDUO,,2,1,,,,1,20,ATORVASTATINA ,20,2,,,,5,,2,,2,,4,2,2,,,1,,1,2,,1,IRMÃ/TIOSMATERNOS/SOBRINHOS,1,IRMA,2,,2,,1,TIAS,2,,,2,71.6,1.51,30,102,,106,42,49,48,130,80,76,1,,6,6,24,4,6,Normal,,,,,,121,7.1,8.4,24,0.95,69,29,17,26,28,0.28,1.3,,228,130,62,217,166,36,,,,10,,ESTEATOSE ACENTUADA,30,1.261,7.82,11.4,763,40.8,1.36,0.99,41.4,10.2,16.03,38.3,,,,,,,,,,,DISFUNÇÃO DE VE GRAU i,," A mediana das velocidades de propagação das ondas de cisalhamento (Vs) foi aferida em 2.09 m/s, correspondendo a mediana das elasticidades (E) em 13.16 kPa (IQR/med: 21.6 %). - HEPATOPATIA CRÔNICA COMPENSADA",NORMAL,,TESTE GENÉTICO NEGATIVO
15,,1369229,MARINO GUEDES LIMA,98-991986504,7/3/1965,56,2,,São Luis,,2,1,funda incompleto,,1,,go,,1,2,,,,1,,ciprofibrato/ atorvasti,100/20,,,,2,,2,,,,,,,,,,,,1,2,,1,,1,,2,,2,,2,,,,,,51.4,1.65,18.8,74,,94,32.5,45,42,146,90,81,2,,4,4,8,3,2.66,NORMAL,,,1.5,6,1.34,102,5.6,"<0,7",18,0.91,>90,19,13,8,30,2.6,1,,141,78,47,80,94,16,,14,,6,,normal,19.1,1.041,7.1,2.49,160,11.5,1.41,1,11.5,2.9,2.88,13.1,,,,,,,,,,,Insuficiência mitral discreta a moderada e insuficiência tricuspide discreta,F1/F2/S0,,ESPESSAMENTO MÉDIO-INTIMAL BILATERAL,,TESTE GENÉTICO NEGATIVO
16,,15056031,GIRLANE BRISDE FERREIRA CAZER DA SILVA,,,20,1,,Dom Pedro,,3,1,fundamental incompleto,,1,,inph,,,2,,,,2,,,,,,,,,,,,,,,,,,,,,5,2,,ns,,NS,,NS,,NS,,ns,,,,,,45,1.45,21.4,63,,59,30,38,38,100,63,62,1,,,,,,,,,106,,,0.06,183,11.1,3,35,0.6,>90,13,13,29,113,1.8,1.3,,152,138,57,431,195,57,,,,,,,,1.103,,,,,,,,,,,,,,,,,,,,,,,,,,
17,,5648351,TAWAN FRANCISCO SILVA AMADOR,98-98258176,9/4/1997,24,2,,São Bernardo,,3,1,2o grau,,1,7,sem medicação,,2,2,,,,2,,,,,,,,,,1,,1,,,,,,,,,1,2,,1,AVÓ MATERNA,1,,2,,2,,2,,,,,,61.1,1.63,22.9,92,,83.5,32,43,44.5,96,63,62,2,,,,,,,,,,3.8,11,3.39,139,5.4,"<0,7",21,0.7,>90,56,59,153,205,3.4,1.1,,94,45,26,150,68,23,,19,,,,,,,,,,,,,,,,,,,,,,,,,,,,,,Normal,,
18,,14941732,LAYANE DO NASCIMENTO SILVA,(63)991103755,10/26/1994,27,1,,ESTREITO,COZINHEIRA,2,1,2o GRAU,,1,7,GBC/PIO,Oct-30,2,1,3,LOSARTANA,50,2,,,,2,,,2,5,2,2,,2,,2,G4P2A2,3,,,3,,4,2,,1,PAI/AVÓS 02 IRMÃS,1,PAI/MAE/IRMAS,1,PAI/MAE/IRMAS,1,PAI,2,,2,,,2,59,1.59,23.3,81,,87,38,48,46,138,103,68,1,,4,4,12,4,3,NORMAL,0,212,14,28,3,203,10,1.1,20,0.6,>90,20,27,35,72,1.6,1.3,,123,73,29,129,94,21,,6,,,,ESTEATOSE HEPÁTICA DISCRETA,23.8,1.103,8.18,4.45,579,20.8,2.21,1.19,17.6,20.9,30.4,17.6,,,,,,,,,,,NORMAL,,,NORMAL,,TESTE GENÉTICO + PARA LPF TIPO 2
19,,15296040,LAYSA NASCIMENTO SILVA,88-93722803,5/3/1998,24,1,,SÃO LUÍS,COZINHEIRA,,2,2 GRAU COMPLETO,,1,11,INPH / IR / MTF /,NPH 70UI/DIA; IR 25 UI/DIA; MTF 850MG 3X,,1,5 ANOS,HCTZ / ANLODIPINO / PROPRANOLOL / CLINIDINA ,,1,10 ANOS,ROSUVASTATINA ,10MG,2,,,2,5,2,2,,2,,2,G2P1A1,2,1,1,3,,5,2,,1,2 IRMÃS + PAI,1,2 IRMÃS E PAI ,1,2 IRMÃS E PAI ,2,,2,,2,,,2,53.5,154,22.3,73,,77,35,45,43,180,100,83,1,1; 3; 4,,,,,,RDP DE ALTO RISCO,,229,,,3.01,149,8.2,1.1,51,1.08,74,16,13,44,62,4.1,1.3,,130,60,34,429,96,36,,2326,,1491,,,21,1.011,6.77,3.1,228,14.4,2.43,1.02,14,16,22.1,14.7,,,,,,,,,,,FUNÇÃO SISTÓLICA DO VE PRESERVADA / INSUFICIÊNCIA AÓRTICA DE GRAU DISCRETO,F0/F1/S0,,NORMAL,,TESTE GENÉTICO + PARA LPF TIPO 2
20,,15351270,LORENA DA SILVA NUNES,63-991103755,7/10/2011,12,1,,ARAGUAINA,ESTUDANTE,,1,FUNDAMENTAL INCOMPLETO,,2,,,,,,,,,,,,,2,,,2,5,2,2,,2,,2,0,,,,3,,5,2,,1,AVÔ; MÃE; TIAS,1,AVÔ E TIAS,1,AVÔ; AVÓ; TIA,1,AVÔ PATERNO,2,,2,,,2,41,142,20.3,67,,72,32,38,39,98,53,72,1,CERVICAL/AXILA E VIRILHA,5,5,10,5,2,NORMAL,,484,6.9,33,3.63,85,5.8,3,22,0.5,>90,20,15,14,203,2.2,1.5,,142,83,10,101,102,19,80,<3,,< 6,,,18.5,0.912,6.45,4.44,,25.2,3.56,1.07,23.4,12.3,19.3,22.9,,,,,,,,,,,,,,,NORMAL,TESTE GENÉTICO + PARA LPF TIPO 2
21,,7318286,JOSÉ RENATO FERREIRA ABREU,(98)984936104,8/10/1959,63,2,,SÃO JOÃO BATISTA,FUNCIONÁRIO PÚBLICO,1,2,2o GRAU,,1,14,MTF/INPH/IR,,2,1,2,LOSARTANA/HCTZ,,1,14,ATORVASTATINA/CIPROFIBRATO,,2,,,2,5,2,2,,1,,4,3,,,,3,,1,2,,1,MÃE/PAI,1,IRMAOS,1,IRMAOS,2,,2,,2,,,2,72.6,1.67,26.03,100,,95,42,50,47,120,90,78,1,1,10,7,18,8,2.25,RDNP  SEVERA,,228,,,2.49,199,9.3,4.4,56,1.14,72,15,13,23,80,2.1,0.9,,315,...,32,1269,283,...,,484,,,,LIPOSUBSTITUIÇÃO PANCREÁTICA,26.03,,,,,,,,,,,,,,,,,,,,,,"REMODELAMENTO CONCÊNTRICO, DISFUNÇÃO DIASTÓLICA DISCRETA, ECTASIA DE RAIZ DE AORTA FE 66%",F0/F1; S1 ," A mediana das velocidades de propagação das ondas de cisalhamento (Vs) foi aferida em 1,68 m/s, correspondendo a mediana das elasticidades (E) em 8,43 kPa (IQR/med: 11.6 %). - EXCLUI HEPATOPATIA CRÔNICA COMPENSADA",ATEROSCLEROSE BILATERAL SEM REPERCUSSÃO HEMODINâMICA,,TESTE GENÉTICO NEGATIVO
22,,12457779,JOZERIA OLIVEIRA DO VALE DOS SANTOS,(98)988793673,12/5/1992,29,1,,TUTOIA,DO LAR,3,5,2o GRAU,,1,7,INPH/MTF,,2,2,,,,1,1,SINVASTATINA,,2,,,2,5,2,2,,2,,1,3,,,,3,,1,2,,1,MAE/IRMAO/TIOS MATERNOS,1,PAIS/TIOS MATERNOS/IRMAO,1,PAIS/TIOS MATERNOS/IRMAO,1,AVÓ MATERNA,1,IRMÃO,2,,,2,53,1.49,23.8,87,,93,33,42,43,140,86,85,2,,17,11,11,12,0.9,RETINOPATIA HIPERTENSIVA GRAU 1 EM AO / AUSÊNCIA DE RD,,190,,,1.21,330,9.6,1.8,15,0.44,>90,14,17,11,153,3.1,1.2,,316,225,52,207,264,39,,4,,,,,23.9,1.202,5.98,7.65,432,34.1,1.71,0.85,40.2,13.2,18,32.1,,,,,,,,,,,NORMAL,F0/F1; S1,,"PLACA À DIREITA COM ESTENOSE < 50% E À ESQUERDA AUMENTO DA ESPESSURA INTIMAL = 1,2 CM EM CARÓTIDA",,TESTE GENÉTICO NEGATIVO
23,,5916070,DAMIANA SILVA CORREIA,(98)981243696,3/18/1973,49,1,,BARREIRINHAS,AUTONOMA,1,4,2o GRAU,,2,,,,1,2,,,,1,3,CIPROFIBRATO,100,2,,,2,5,2,2,,2,,2,G4P4C3A0,4,4,0,2,,2,2,,1,MAE,2,IRMA,1,MAE,2,,2,,2,,,2,59.9,1.52,25.9,83,,87.5,36,43,42.5,138,69,66,1,1; 4,15,11,17,9,1.88,,,154,,24,3.24,126,6.3,6.6,19,0.66,>90,18,16,31,89,0.57,1.7,,183,110,37,249,146,36,241,22,,,,,26.7,1.069,7.46,9.46,"1,054",39.9,1.64,1.02,39.3,16.6,16.7,35.5,,,,,,,,,,,NORMAL,,,,TIREOIDECTOMIZADA - BOCIO COLOIDE MULTINODULAR,TESTE GENÉTICO NEGATIVO
24,,788627,MARIA FRANCISCA RODRIGUES,(98)996081678,1/10/1953,69,1,,MA,DO LAR,3,1,FUND. INOMPL,,2,,,,2,1,10,LOSARTANA/HCTZ,Oct-25,1,10,ROSUVASTATINA,20,2,,,2,5,2,2,,2,,4,5,5,,,1,2003,2,2,,1,IRMAOS,1,IRMAOS/TIOS,1,IRMAOS,2,,2,,2,,,2,46.1,1.47,21.3,76,,94,33,46,44,130,60,72,2,,4,5,5,3,1.6,,,171,,6,1.59,99,5.7,"<0,7",30,0.53,>90,21,18,19,76,1.1,1,,192,109,63,103,129,20,,6,,,,"CISTOS RENAIS SIMPLES (RD - 1,5CM / RE - 1,6CM) // PÂNCREAS COM SINAIS DE LIPOSSUBSTITUIÇÃO PANCREÁTICA.",22.5,0.881,5.59,6.69,306,21.5,1,0.49,43.6,11.3,17.2,29.6,,,,,,,,,,,REMODELAMENTO CONCÊNTRICO DE VE; DISFUNÇÃO DIASTÓLICA DE VE DISCRETA; ESCLEROSE VALVAR MITRAL COM INSUFICIÊNCIA DISCRETA; ESCLEROSE VALVAR AÓRTICA DISCRETA,F0/F1,,PLACAS COM ESTENOSE < 50% EM CARÓTIDAS BILATERALMENTE,NORMAL,TESTE GENÉTICO NEGATIVO
25,,6689922,ELIANE RODRIGUES DOS SANTOS BARBOSA,(98)988239613,11/6/1975,46,1,,MA,DO LAR,3,2,2o GRAU,,2,,,,2,1,3,OLMESARTANA,"20/12,5",1,5,ROSUVASTATINA,20,2,,,2,5,2,2,,2,,4,G4P2A2,4,2,2,1,2021,1,2,,1,TIOS MATERNOS E PATERNOS,1,MAE,1,TIOS PATERNOS,1,TIOS PATERNOS,2,,2,,,2,50.2,1.47,23.3,78.5,,93,34.5,44,42,136,89,83,1,4,,,,,,,,466,1.8,8,1.31,92,5.6,"<0,7",20,0.52,>90,19,15,22,69,0.96,1.1,,242,175,50,73,192,17,,6,,,,,,0.973,,,,,,,,,,,,,,,,,,,,,INSUFICIÊNCIA MITRAL E TRICÚSPIDE DISCRETAS,,,,"NÓDULOS < 1 CM, TIRADS 3",
26,,5524172,NEUZA MARIA ANANIAS ARAUJO,,2/8/1962,60,1,,MG,,3,1,2o GRAU,,1,22,INPH/IR,,,1,,ANLODIPINO/HIDRALAZINA/ATENOLOL,,1,,ATORVASTATINA,,2,,,2,5,2,3,,3,,4,G2P1A1,2,1,1,1,,1,2,,1,PAI,2,,2,,2,,2,,2,,,2,86.1,,,106,,104,41,47,45,200,100,64,1,1,,,,,,,,,,,,,,,,,,,,,,,,,,,,,,,,,,,,,,,,,,,,,,,,,,,,,,,,,,,,,,,,TESTE GENÉTICO NEGATIVO
27,,9483551,MARLUCE SILVA DE SOUSA,(98)985546185,1/10/1985,37,1,,PINDARÉ MIRIM,AUTONOMA,3,5,2o GRAU,,1,21,INPH/MTF,,,1,12,LOSARTANA,,1,10,ATORVASTATAINA /CIPROFIBRATO,,2,,,2,5,2,2,,2,,2,G5P3A3,5,3,3,2,,4,2,,1,MAE PAI IRMAOS E FILHOS,1,IRMA,1,PAI MAE IRMAS,1,AVÓ MATERNA,1,MAE,1,IRMA E PRIMA,HIPO+AZ35TIROIDISMO/LES,2,85.9,1.52,37.1,116,,111,33,50,50.5,117,88,99,1,1;3;4,26,24,34,,,RD LEVE,,151,,,1.3,189,12.1,25.9,29,0.67,>90,20,19,18,70,1.1,1.2,,193,112,58,122,135,23,,59,,,,,,1.044,,,,,,,,,,,,,,,,,,,,,,F2; S2,,NORMAL,,TESTE GENÉTICO NEGATIVO
28,,15489639,ANA MARIA VIEIRA FELIX,(98)999088045,3/13/1965,57,1,,MORROS,LAVRADORA,3,2,FUND. INOMPL,,1,10,MTF,,2,2,,,,2,,,,2,,,2,5,2,3,,2,,4,G9P9,9,9,0,1,2010,1,2,,1,IRMÃES/ MAE/TIAS MATERNAS,1,IRMÃES/ MAE/TIAS MATERNAS,1,IRMÃES/ MAE/TIAS MATERNAS,1,IRMA,1,FILHA,2,,,2,33.4,1.38,17.3,65,,68,29.5,32.5,34,160,90,77,1,5,6,6,6,4,1.5,RDP ,,253,4.9,16,6.67,126,11.3,1.5,62,1.69,35,20,18,42,91,5,1.2,,209,142,27,245,182,40,,,649,773,,,17.8,0.872,5.6,2.32,226,15.3,2.02,1.91,8,10.5,15.2,12.8,,,,,,,,,,,"REMODELAMENTO CONCÊNTRICO DE VE; DUSFUNÇÃO DIASTÓLICA DE VE DISCRETA; INSUFICIÊNCIA MITRAL, AÓRTICA E TRICÚSPIDE DISCRETAS; AUMENTO DISCRETO DE AE/ FEVE 78%; ",," A mediana das velocidades de propagação das ondas de cisalhamento (Vs) foi aferida em 1,65 m/s, correspondendo a mediana das elasticidades (E) em 8,19 kPa (IQR/med: 7,9 %). Exclui hepatopatia crônica compensada.","ATEROMATOSE LEVE,PAREDES IRREGULARES BILATERALMENTE",cistos em ambos os lobos,TESTE GENÉTICO + PARA LPF TIPO 2
29,,15451615,MARIA DO AMPARO SILVA SARDINHA,(98)988943958,4/4/1984,38,1,,BARREIRINHAS,DO LAR,2,4,2o GRAU,,1,8,MTF/GLICLAZIDA/NESINA,,2,2,,,,1,1,CIPROFIBRATO,100,2,,,2,5,2,2,,2,,1,G3P3,3,3,0,3,,4,2,,1,"IRMÃ, PAI, MÃE, AVÓS PATERONOS E MATERNOS",1,MÃE,1,"PAI, MÃE, AVÓS  PATERNOS E MATERNOS",2,,2,,2,,,2,64.5,1.61,24.6,89,,88,36,46,48,150,75,77,1,3,,,,,,,,,,,,,,,,,,,,,,,,,,,,,,,,,,,,,,,,,,,,,,,,,,,,,,,,,,,,,,normal,,TESTE GENÉTICO NEGATIVO
30,,15489230,FRANCIELLY SILVA NERES,(99)984999923,10/27/2021,1,1,,BALSAS,,2,1,NÃO SE APLICA,,2,,,,1,2,,,,1,2 MESES,,,2,,,2,5,2,2,,2,,4,0,0,,,3,,,2,,2,,2,,2,,2,,2,,2,,,2,7.7,71.5,15.2,,,,,,,,,,2,,,,,,,,,37,1.2,6,1.36,84,4.9,0.5,15,0.25,>90,22,11,25,178,1.8,1.3,,144,95,22,171,122,27,,,,,,,,,,,,,,,,,,,,,,,,,,,,,NORMAL,NÃO REALIZADA (IDADE),,NÃO REALIZADO (IDADE),,TESTE GENÉTICO + PARA LPF TIPO 2
31,,3118450,RAIMUNDA MORAIS,,,,,,,,,,,,,,,,,,,,,,,,,,,,2,2,2,2,,,,,,,,,,,,,,,,,,,,,,,,,,,,,,,,,,,,,,,,,,,,,,,,,,,,,,,,,,,,,,,,,,,,,,,,,,,,,,,,,,,,,,,,,,,,,,,,,,,,ALERAÇÃO DE CONTRATILIDADE SEGMENTAR DE VE; DISFUNÇÃO DIASTÓLICA DE VE DISCRETA; INUFICIÊNCIA MITRAL MODERADA.,,,,,TESTE GENÉTICO NEGATIVO
32,,808547,QUEDIMA REGINA VIEIRA FONSECA,(98) 999088045,6/20/1971,51,1,,MORROS-MA,MARISQUEIRA,3,2,ENSINO MÉDIO INCOMPLETO,,1,10 ANOS,METFORMINA/PIOGLITAZONA,1G/30MG,2,1,18 ANOS,LOSARTANA /ATENOLOL/ANLODIPINO,100/50/5MG,1,10 ANOS,ROSUVA/CIPROFIBRATO,10/100,2,,,2,2,2,2,,2,,4,G4P2A2,4,2,2,4,,1,2,,1,IRMÃS E TIA,1,IRMÃS E TIAS,1,IRMÃS E TIA,1,IRMÃ,2,,2,,,2,65.8,151,28.9,96,,93,45,45,45,158,99,75,1,1; 2; ,10,8,12,,,RDP LEVE,0,153,1.9,10,2.62,79,5.8,6,34,1,68,19,18,52,57,2,1.2,,172,103,40,173,132,29,,53,,32,,ESTEATOSE HEPÁTICA ACENTUADA / HEPATOMEGALIA,28.9,1.131,9.18,6.97,"1,098",28.6,5.3,1.16,24.6,20.8,23.6,24.2,,,,,,,,,,,HIPERTROFIA CONCÊNTRICA DE VE; DISFUNÇÃO DIASTÓLICA DE VE DISCRETA; INUFICIÊNCIA MITRAL E TRICÚSPIDE DISCRETAS,,,TEROSCLEROSE A DIREITA SEM SINAIS DE REPERCUSAO HEMODINAMICA. ESPESSAMENTO MEDIO-INTIMAL DA CAROTIDA COMUM ESUQERDA ,BMN COM NÓDULOS <1CM,TESTE GENÉTICO + PARA LPF TIPO 2
33,,4675940,LAZARO PEREIRA DA SILVA,(88) 993664928,8/9/1968,54,2,,BABAÇULANDIA - GO,MILITAR APOSENTADO,2,1,FUNDAMENTAL COMPLETO,,1,14 ANOS,METFORMINA,850MG 2X,2,1,14 ANOS,LOSARTANA + HCTZ,100MG + 25MG,2,,,,2,,,2,3,2,2,,2,,4,3,3,,,3,,1,2,,1,"3 FILHAS, PAI  E MÃE",1,FILHAS,1,"PAI, MÃE, 1 FILHA",1,MÃE,2,,2,,,2,60.3,164,22.3,81,,78,38,45,43,200,100,84,1,1; 3; 4,5,5,15,4,3.75,RDP COM HEMORRAGIA VITREA,,207,9,10,2.87,367,12.6,1.6,39,1.59,51,20,16,34,122,1.3,1.3,,184,113,30,310,,41,,1087,,,,,,,,,,,,,,,,,,,,,,,,,,,FE 66% REMODELAMENTO CONCENTRICO DE VE,,,ESPESSAMENTO MÉDIO INTIMAL BILATERAL,,TESTE GENÉTICO + PARA LPF TIPO 2
34,,6455778,GRACINILDE SOUSA CARVALHO,(98) 996030635,4/22/1971,51,1,,SÃO LUÍS-MA,DO LAR,3,4,FUNDAMENTAL INCOMPLETO,,1,4 ANOS,GLIBENCLAMIDA / METFORMINA,10MG / 850MG 2X,,2,,,,2,,,,2,,,2,5,2,2,,2,,4,G4P4A0,4,4,0,1,5 ANOS,1,2,,1,"MÃE, 3 IRMÃOS, IA",1,IRMÃ,1,IRMÃ,2,,2,,2,,,,58,155,24.1,92,,86,32,40,43,130,80,73,1,1; 3; 4,12,8,10,4,2.5,RDNP LEVE EM AO,,123,8.2,11,1.76,305,12.1,2.4,24,0.51,>90,30,39,98,177,1.6,1.1,,253,124,29,670,224,100,,360,,,,,,,,,,,,,,,,,,,,,,,,,,,,F3/S3,,ATEROSCLEROSE BILATERAL SEM REPERCUSSÃO HEMODINÂMICA,,TESTE GENÉTICO NEGATIVO
35,,15544265,JOSELITO LIMA DOS SANTOS,(98) 988261287,2/15/1969,53,2,,MA,SEGURANÇA,3,4,FUNDAMENTAL INCOMPLETO,,1,8 ANOS,METFORMINA,1G,,2,,,,1,5 MESES,SINVASTATINA,20MG,2,,,2,5,2,1,,1,,4,3,3,,,3,,1,2,,1,"PAI, 3 IRMÃOS, TIOS PATERNOS",NS,,NS,,1,IRMÃO,1,IRMÃO,2,,,2,47.3,1.65,17.2,73,,81,33,35,33,122,85,83,2,,,,,,,,,211,2.2,5,??,179,7.9,"< 0,7",21,0.6,>90,15,15,69,102,2.9,1.3,,199,116,51,203,148,32,,1329,,,,,,,,,,,,,,,,,,,,,,,,,,,NORMAL ,,,"CARÓTIDAS COM PLACAS BILATERAIS, ESTENOSE < 50%",,TESTE GENÉTICO NEGATIVO
36,,15557090,RAIMUNDA NONATA CARDOSO CUNHA,(98) 987181969,9/25/1975,47,1,,BACABAL - MA ,DO LAR ,2,4,FUNDAMENTAL INCOMPLETO,,1,6 MESES,METFORMINA,1G,,1,7 ANOS,LOSARTANA,100MG,1,,NÃO USA,,2,,,2,5,2,2,,1,,1,G3P3,3,3,0,3,,1,2,,1,MÃE E 2 IRMÃOS,,,1,,1,IRMÃ ,1,IRMÃ ,2,,,2,76.5,1.43,33,97,,97,44,44,45,127,72,63,1,1; 3; 4,16,8,16,,,NEUROPATIA OPTICA GLAUCOMATOSA,,118,3.7,16,2.43,94,7.3,4.9,22,0.9,79,21,21,34,52,1.6,0.8,,216,131,57,160,159,28,,5,,,,,,,,,,,,,,,,,,,,,,,,,,,NORMAL ,,,,,TESTE GENÉTICO + PARA LPL
37,,6007708,NILZA OLIVEIRA DO VALE,(98)987882986,10/10/1973,49,1,,BARREIRINHAS-MA,LAVRADORA,3,2,FUNDAMENTAL INCOMPLETO,,1,13 ANOS,METFORMINA/INPH/IR,2550MG / 68UI / 18 UI,,1,19 ANOS,ENALAPRIL / ANLO / HCTZ,40MG / 5MG / 25MG,1,13 ANOS,ATORVA/CIPROFIBRATO,80MG / 100MG ,2,,,2,5,2,2,,2,,4,,,,,3,,1,2,,1,MÃE; 8 IRMÃOS; 2 FILHOS,1,2 IRMÃS,1,8 IRMÃOS,1,PAI,2,,2,,,,61.5,150.4,27.2,89.1,,93.2,35.5,44,42.5,157,79,78,1,1,7,7,18,6,3,RETINOPATIA DIABÉTICA PROLIFERATIVA AO,,125,,,1.54,179,9.4,,16,0.6,>90,18,24,23,62,1.6,1.4,,132,74,41,86,91,,,,,,,,,,,,,,,,,,,,,,,,,,,,,,FE 65%; DENTRO DA NORMALIDADE,F0/F1; S3,,PLACA EM CARÓTIDA ESQUERDA COM ESTENOSE < 50%; ESPESSAMENTO MÉDIO-INTIMAL EM CARÓTIDA DIREITA,,MUTAÇÃO POSITIVA NO ABCA1 (HIPERCOLESTEROLEMIA FAMILIAR) 
38,,7005215,ADONIAS PINTO PENHA,(98) 981163386,11/8/1955,67,2,,SÃO LUÍS-MA,FUNCIONÁRIO PÚBLICO APOSENTADO,1,2,FUNDAMENTAL COMPLETO,,1,20 ANOS,METFORMINA / GLICLAZIDA / DAPA / ,1G / 90MG / 10MG,,1,20 ANOS,LOSARTANA / HCTZ,100 / 25 MG,1,20 ANOS,ATORVA/CIPROFIBRATO/EZETIMIBA,40 / 100 / 10MG,2,,,2,5,2,2,,2,,4,,,,,3,,4,2,,1,"PAI, MÃE, IRMÃOS",1,"PAI, MÃE, IRMÃOS",1,"PAI, MÃE, IRMÃOS",1,PAI; MÃE,1,IRMÃS,2,,,,68.6,1.58,26,96,,94,39,45,44,127,63,72,2,,10,7,24,7,3.42,RETINOPATIA DIABÉTICA NÃO PROLIFERATIVA MODERADA,,85,4.7,27,6.54,71,8.6,3.2,61,1.27,62,23,30,17,35,1.3,1,,138,83,24,215,114,31,,41,,,,ESTEATOSE HEPÁTICA GRAU II,26,1.2,7.71,7.22,"1,429",36.5,2.94,1.37,26.7,19.1,23.1,27.4,,,,,,,,,,," FE 65%  FUNCAO SISTOLICA DO VE PRESERVADA, INSUF TRICUSPIDE DE GRAU DISCRETO",,,ATEROSCLEROSE BILATERAL SEM SINAIS DE REPERCUSSÃO HEMODINÂMICA,NORMAL,TESTE GENÉTICO NEGATIVO
39,,12842729,MARIA CRISTINA SILVA,(98) 992369069,7/24/1966,56,1,,PALMEIRÂNCIA-MA,COZINHEIRA,3,1,FUNDAMENTAL INCOMPLETO,,1,2 ANOS,METFORMINA,850MG 1X,,1,10 ANOS,LOSARTANA / HCTZ / ANLO,100/25/10 MG,1,2 ANOS,NÃO USA,,2,,,2,5,2,2,,1,,4,G3P3,3,3,0,3,,1,2,,1,"MÃE, 2 IRMÃOS",2,,1,"TIAS, SOBRINHA",2,,1,?,2,,,,,,,105,,110,35,53,51,120,90,83,2,,,,,,,neuropatia óptica glaucomatosa,,144,3.9,9,2.8,175,7.3,19.8,31,0.6,>90,15,15,19,121,2,1.3,,207,134,43,166,164,30,,24,,,,,32.9,0.959,7.52,15.3,"1,917",57.8,2.54,1.17,49.2,17.5,18.9,46.5,,,,,,,,,,,"AUMENTO DISCRETO A MODERADO DE AE, DISFUNÇÃO DIASTÓLICA DE VE DISCRETA ATEROMATOSE DISCRETA DE AORTA TORÁCICA ESCLEROSE VALVAR MITRAL COM INSUFICIENCIA DISCRETA",FO/F1/S2,,ATEROSCLEROSE BILATERAL SEM SINAIS DE REPERCUSSÃO HEMODINÂMICA,,TESTE GENÉTICO NEGATIVO
40,,10066985,Maria Elisangela Santos de Assunção,(98)984749150,6/20/1974,48,1,,São Luis,Funcionária pública,2,1,Pós graduada,,1,4 anos,Galvus/ Glifage,"25/1,5",2,2,,,,2,,,,2,,,2,5,2,2,,2,,1,GIPI,1,1,0,2,,1,2,,1,irmãos e pai,1,IRMAOS E PAI,1,IRMÃOS E MAE,1,IRMÃO E PAI,1,IRMÃOS E PAI,2,,,2,65.5,1.53,,89,,93,37,49,47,137,81,104,31-Dec,1.3,,,,,,,,,,,,,,,,,,,,,,,,,,,,,,,,,,,,,27.8,1.053,7.18,10.1,"1,201",43.6,2.24,1.14,38.3,16.7,19,36.6,,,,,,,,,,,,,,,,TESTE GENÉTICO + PARA LPL
41,,1457855,Ramyla Diniz Silva,(98)989089819,3/9/1995,28,1,,São José de Ribamar,Estudante,3,1,Ensino Superior Completo,,2,,,,2,2,,,,2,,,,2,,,2,2,2,2,,2,,1,GOPO,0,,,2,,3,2,,1,tias e avé materna,1,tias e avó materna,1,tias e avó materna,1,avô e tio materno,2,,2,,,2,48.6,1.53,19.3,64,,79,30,45,44,100,60,57,1-Jan,,,,,,,,,241,1,5,1.37,85,5.9,2.1,26,0.83,>90,12,10,25,66,0.62,1.3,,182,92,76,62,106,14,,8,,,,,19.3,1.072,6.05,4.5,65,14.3,1.2,0.5,28.5,15,17,23.3,,,,,,,,,,,,,,,,
42,,15592063,Elenice Diniz Silva,(98)987731447,2/18/1969,54,1,,Morros,aposentada,3,2,ensino médio completo,,1,1 ano,METF,3 X 850,2,1,2 ANOS,LOSARTANA INDAPAMIDA,"100/1,5",1,5 ANOS,ROSUVASTATIAN ,20,2,,,2,5,2,2,,2,,4,G2P2,2,2,0,1,12 ANOS,1,2,,1,MÃE E TIAS E PRIMAS,1,MÃE E TIAS E PRIMAS,1,MÃE E PAI,1,PAI EIRMÃO,2,,2,,,2,47.3,1.5,21.3,77,,80,34,39,39,130,80,75,1-Jan,,5,5,10,4,2.5,NORMAL,12,150,7.1,26,4.39,112,9.5,1.9,28,0.7,>90,11,23,131,58,1.7,1.1,,260,172,41,287,219,47,,22,"4,89MG",,,Esteatose Hepática Moderada,21.3,1.046,6.59,3.82,565,20,3.05,0.96,20.9,14.8,19.3,18.2,,,,,,,,,,,SEM ALTERAÇÕES. FE 64%. ,,"A mediana das velocidades de propagação das ondas de cisalhamento (Vs) foi aferida em 1,54 m/s, correspondendo a mediana das elasticidades (E) em 7,15 kPa (IQR/med: 12,9 %).",NORMAL,,TESTE GENÉTICO + PARA LPF TIPO 2
43,,15592120,CLEGIANE CHAGAS AMARAL,(98)987524342,8/29/1980,42,1,,ICATU,COSTUREIRA,3,2,ensino médio completo,,2,,,,2,2,,,,2,,,,2,,,2,5,2,2,,2,,1,G2P2,2,2,0,2,,4,2,,1,MÃE E TIAS E PRIMAS,1,MÃE E TIAS E PRIMAS,1,"MAE, TIAS E PRIMAS",1,MÃE E TIO,2,,2,,,2,68.4,1.48,,83,,100,29,53,51,110,60,80,1-Jan,,,,,,,,,160,2.6,12,2.4,88,5.6,17.2,19,0.68,>90,23,18,13,59,1.7,1.1,,186,93,76,76,110,17,,4,,,,,30.1,1.219,7.72,15.62,489,42.9,1.1,0.87,49.2,16.8,17.1,41.7,,,,,,,,,,,,,,,,
44,,5442621,CARLIANE CHAGAS DE BANHOS,(98)985696517,11/18/1982,40,1,,ICATU,COSTUREIRA,3,2,ENSINO MÉDIO COMPLETO,,2,,,,2,2,,,,2,,,,2,,,2,5,2,2,,2,,2,G2P2,2,2,0,2,,4,2,,1,MÃE TIOS E TIAS,1,MAE TIOS E TIAS,2,MÃE TIOS E TIAS,1,TIOS E TIAS,2,,2,,,2,60.8,1.48,,82,,101,32,48,49,110,60,72,1-Jan,,,,,,,,,211,2.2,10,1.92,89,5.2,16.5,26,0.55,>90,20,20,18,61,2.7,1.2,,154,71,69,56,85,14,,<3,,,,,27.4,1.204,6.83,10.74,441,40.5,1.11,0.87,46.7,14.8,17,39.1,,,,,,,,,,,,,,,,TESTE GENÉTICO NEGATIVO
45,,1745948,VALBERDAN SANTOS DE ASSUNÇÃO,(98)999036962,12/9/1975,47,2,,SÃO LUIS,FUNCIONÁRIO PÚBLICO,2,2,ENSINO SUPERIOR COMPLETO,,1,6 MESES,MTF,2X 850,2,2,,,,2,,,,2,,,2,5,2,2,,2,,4,,,,,3,,1,2,,1,MÃE E IRMÃOS,1,IRMÃ E IRMÃO,2,,1,IRMÃO E MAE,1,MÃE,2,,,2,92.7,1.67,,98,,102,41,51,44,110,67,78,31-Dec,1.20E+00,,,,,,,,,,,,,,,,,,,,,,,,,,,,,,,,,,,,,,,,,,,,,,,,,,,,,,,,,,,,,,,,
46,,1299182,WALTECIMAR SANTOS DE ASSUNÇÃO,(98)982927005,2/3/1957,66,2,,SÃO LUIS,GRÁFICO,3,2,ENSINO MÉDIO COMPLETO,,2,,,,2,1,3 ANOS,LOSRATANA + HIDROCLOROTIAZIDA,50/25,2,,,,2,,,2,5,2,2,,2,,4,,,,,3,,1,2,,1,IRMÃ M PAI E MAE,1,IRMÃOS,1,IRMÃOS E MAE,1,IRMÃO,1,IRMÃO,2,,,2,91,,,107,,103,43,46,43,172,91,91,31-Dec,1.2,,,,,,,,158,6.1,20,3.82,124,8.1,9.5,50,1.21,49,16,18,19,60,1.7,0.9,,182,116,37,175,145,29,,52,,,,,,,,,,,,,,,,,,,,,,,,,,,,,,,,
47,,,PAULO HENRIQUE DOS SANTOS CORREA,(98)984120854,2/6/1972,51,2,,SÃO LUIS,FUNCIONÁRIO PUBLICO,1,1,PÓS GRADUADO,,2,,,,2,2,,,,1,,,,2,,,2,5,2,2,,1,,4,,,,,3,,3,2,,1,IRMÃO,1,IRMÃO,2,,1,MÃE,2,,2,,,2,82.5,1.66,,102,,99,37,R/ Uso interno: 1. Diamicron MR 30 mg______________________________ Tomar 01 comprimido em jejum diariamente. 2. Glifage XR 500 mg________________________________ Tomar /12 comprimido após jantar por 01 semana e a seguir 01 comprimido após jantar diariamente. 3. Trezor 20 mg______________________________________ Tomar 01 comprimido a noite diariamente.,47,133,75,85,1-Jan,,,,,,,,,190,4.1,16,2.7,106,6,6.2,32,1,>90,21,27,28,82,1.1,1.3,,168,94,31,320,137,43,,<3,,,,,,,,,,,,,,,,,,,,,,,,,,,,,,,,TESTE GENÉTICO NEGATIVO
48,,3917568,LUIS ALVARO DOS SANTOS CORREIA,(98)999728257,2/19/1962,61,2,,SÃO LUIS,FUNCIONÁRIO PÚBLICO,3,1,ENSINO SUPERIOR COMPLETO,,1,20 ANOS,LANTUS E APIDRA,,2,1,03 ANOS,LOSARTANA,,1,>10 ANOS,LIPIDIL /ATORVASTATINA,,2,,,2,5,2,2,,2,,4,,,,,3,,4,2,,2,,1,IRMÃO,2,,1,MÃE,2,,2,,,2,64,1.55,,89,,90,38,43,41,148,81,98,1-Jan,,,,,,,,,236,,,3.37,275,11.8,2.4,50,1.22,67,19,45,89,55,"<0,05",2.5,,188,102,37,364,151,49,,178,,,,,,,,,,,,,,,,,,,,,,,,,,,,,,,,TESTE GENÉTICO NEGATIVO
49,,15586677,JOÃO VALDIVINO DANTOS ASSUNÇÃO,(98)992455925,6/26/1972,50,2,,SÃO LUIS,FUNCIONÁRIO PÚBLICO,3,2,ENSINO MEDIO COMPLETO,,2,,,,2,2,,,,2,,,,5,,,2,5,2,2,,1,,,,,,,,,1,2,,1,IRMÃOS E MAE,1,IRMÃOS E MÃE,1,PAI/MAE IRMAOS,1,IRMÃO E MÃE,1,,2,,,2,,,,,,,,,,,,,,,,,,,,NORMAL,,,,,,,,,,,,,,,,,,,,,,,,,,"<3,0",,,,,,,,,,,,,,,,,,,,,,,,,,,,,,,,TESTE GENÉTICO + PARA LPL
50,,10029567,VALFREDO SANTOS DE ASSUNÇÃO,(98)988832463,1/12/1968,55,2,,SÃO LUIS,FUNCIONÁRIO PÚBLICO,3,2,ENSINO MÉDIO COMPLETO,,1,25 ANOS,MTF/GLICAZIDA,"2,5/60",2,1,03 ANOS,LOSARTANA/METROPOLOL,,1,01 ANO,ROSUVASTATINA/EZETIMIBA,20-Oct,2,,,2,3,2,2,,1,,4,,,,,3,,3,2,,1,IRMÃOS/ MAE,1,IRMÃOS E MÃE,1,IRMÃOS E MAE,1,IRMÃO/MÃE,1,IRMÃO,2,,,2,82.3,1.64,,100,,103,41,52,49,130,80,79,1-Jan,,,,,,,,,117,4.7,11,2.54,176,8.3,4.5,35,1.08,81,21,24,86,60,3.9,1.5,,80,34,32,63,48,14,,67,,,,DOENÇA HEPÁTICA GORDUROSA MODERADA,,,,,,,,,,,,,,,,,,,,,,,FEVE 22% HIPERTROFIA CONCÊNTRIVA DE ve/ HIPOCINESIA DIFUSA/ HIPPERTENSÃO PULMONAR,,,,,TESTE GENÉTICO NEGATIVO
51,,15595374,REGILENE CARDOSO CUNHA,(99)985088127,10/25/1977,45,1,,BACABAL,DOMÉSTICA,2,1,FUNDAMENTAL COMPLETO,,2,,,,2,2,,,,2,,,,5,,,2,2,2,2,,2,,1,G1P1,1,1,0,3,,5,2,,1,IRMAS E MAE,1,IRMAS E MAE,1,IRMAS E MAE,1,IRMA,1,IEMA,2,,,2,60,1.65,,81,,90,35,45,47,146,102,65,SIM,AXILA E VIRILHA,,,,,,,,213,2.6,11,2.3,97,5.7,5.6,24,0.79,>90,24,22,53,63,2.1,0.9,,277,164,77,197,200,36,,7,,,,,21.7,1.244,6.96,5.84,778,35,3.06,1.19,29.3,18.9,19.4,26.5,,,,,,,,,,,CAVIDADES CARDÍACAS COM DIMENSÕES NORMAIS. REGURGITAÇÃO MITRAL E TRICUSPIDE DISCRETAS. PSAP 27 mmHg. FE 74%,,,,,TESTE GENÉTICO + PARA LPF TIPO 2
52,,,ANA VITÓRIA CUNHA DE SOUSA,(99)985088127,12/18/2016,6,1,,BACABAL,ESTUDANTE,2,1,ENSINO FUNDAMENTAL INCOMPLTO,,2,,,,2,2,,,,2,,,,5,,,2,2,2,2,,2,,4,,,,,3,,5,2,,1,TIOS E TIAS MATERNAS,1,TIOS E TIAS MATERNAS,1,TIOS E TIAS MATERNAS,1,TIA MATERNA E PAI COM AVE,1,TIA MATERNA,2,,,2,22.6,,,54,,63,28,,,,,,SIM,CERVICAL E AXILA,,,,,,,,200,1.7,8,1.29,88,5.8,2.1,21,0.42,>90,27,27,12,394,1.3,1.2,,174,97,64,50,110,13,,3,,,,,,,,,,,,,,,,,,,,,,,,,,,,,,,,TESTE GENÉTICO NEGATIVO
53,11/9/2024,13387049,JUDITE LIMA DOS SANTOS,(98)988601663,15/06/1956,68,1,,TIMBIRAS-MA,APOSENTADA,3,3,ENSINO MÉDIO COMPLETO,,1,12 ANOS,MET/Evogliptina/Glicazida/Dapaglifozina,2.0/5/60/10,2,2,,,,2,,,,2,,,2,2,2,1,,1,,4,G6P3A3,6,3,3,1,17 ANOS,1,2,,1,PAI / 6 IRMÃOS / FILHO,2,,1,PAI / 6 IRMÃOS,2,,2,,2,,,2,69.5,1.56,28.55,107,,104.5,37.2,39.5,41.5,132,88,98,NÃO,,7,14,23,4,5.75,NORMAL,,134,,12,2.82,161,7.2,1.4,30,0.74,>90,16,14,31,97,3.1,1.1,,151,74,54,151,97,23,,3,,,,ESTEATOSE HEPÁTICA (GRAU II),31.5,0.999,7.38,13.12,2054,51.1,3.44,1.23,41.3,16.1,19.4,42.8,,,,,,,,,,,FE 74%. REMODELAMENTO CONCENTRICO DE VE,,"A MEDIANA DAS VELOCIDADES DE PROPAGAÇÃO DAS ONDAS DE CISALHAMENTO (VS) FOI AFERIDA EM 2,33 M/S, CORRESPONDENDO A MEDIANA DAS ELASTICIDADES (E) EM 16,34 KPA (IQR/MED: 37,4 %). * COMPATÍVEL COM HEPATOPATIA CRÔNICA COMPENSADA.",NORMAL,,TESTE GENÉTICO NEGATIVO
54,9/10/2024,5581079,GRACILENE DINIZ NASCIMENTO,(98)982502441,9/13/1971,53,1,,MORROS,SERVIÇOS GERAIS,3,1,2º GRAU COMPLETO,,1,10 ANOS,GLIFAGE/GLICLAZIDA/DAPAGLIFLOZINA,2/60/10,2,1,20 ANOS,LOSARTANA/BISOPROLOL/ALDACTONE,100/10/25,1,20 ANOS,ROSUVASTATINA / FENOFIBRATO,20/160,2,,,2,1,2,2,,2,,4,G4P2A2,4,2,2,1,1 ANO,1,2,,1,MÃE / IRMÃO,1,MÃE,1,MÃE E PAI,1,PAI E MÃE,2,,2,,,2,57,1.49,25.67,87,,90,45,50,46,100,70,62,NÃO,,8,4,12,2,6,NEUROPATIA ÓPTICA GLAUCOMATOSA,,164,29.72,51,7.39,236,12.6,0.7,38,1.2,54,29,49,153,71,2.2,1.2,,172,95,26,447,146,51,,4,,,,ESTEATOSE HEPÁTICA MODERADA,24.8,,9.08,,,15.8,,0.87,18.2,,,15.1,,,,,,,,,,,DISFUNÇÃO SISTÓLICA GLOBAL DO VE. AUMENTO DAS DIMENSÕES DO VE. HIPERTROFIA CONCENTRICA DO VE DE GRAU DISCRETO. REFLUXO MITRAL DISCRETO. FE 43%,," A mediana das velocidades de propagação das ondas de cisalhamento (Vs) foi aferida em 1,96 m/s, correspondendo a mediana das elasticidades (E) em 11.48 kPa (IQR/med: 20 %). Provável hepatopatia crônica compensada.",ATEROSCLEROSE  BILATERAL SEM SINAIS DE REPERCURSÃO HEMODINÂMICA,"GLÂNDULA TIREOIDE COM ECOTEXTURA HETEROGÊNEA, SUGERINDO DOENÇA DIFUSA DA TIREOIDE. NÓDULOS TIREOIDEANOS BILATERAIS. CISTOS COLOIDES BILATERAIS.",TESTE GENÉTICO + PARA LPF TIPO 2
55,16/10/2024,5655480,MARIA DO ROSÁRIO VIEIRA DINIZ NASCIMENTO,(98)84183208,7/14/1954,70,1,,MORROS,APOSENTADA,3,5,FUNDAMENTAL INCOMPLETO,,1,1 ANO,METFORMINA / GLIMEPIRIDA,850/2,2,1,2,LOSARTANA/ATENOLOL/ESPIRONOLACTONA,100/100/25,1,21 ANOS,ATORVASTATINA/EZETIMIBA,40/10,2,,,2,1,2,2,,2,,4,G8P7A1,8,7,1,1,25 ANOS,1,2,,1,4 IRMÃOS/1 SOBRINHA / 2 FILHOS,1,FILHA,1,FILHA,2,,2,,2,,,2,54.3,1.46,25.4,81,,89,42,44,44,127,,,NÃO,,6,5,12,5,2.4,NORMAL,,94,31,195,14,65,6,5.9,50,1.13,52,33,39,70,65,1.7,1.3,,181,112,33,249,,36,,4,4,,,NORMAL,,,,,,,,,,,,,,,,,,,,,,,FE 63%. NORMAL.,,19.31 kPa (IQR/med: 21.6 %). Hepatia crônica com provável Hipertensão Portal,ATEROSCLEROSE  BILATERAL SEM SINAIS DE REPERCURSÃO HEMODINÂMICA,,TESTE GENÉTICO + PARA LPF TIPO 2
56,16/10/2024,15941876,GIULIANNE DINIZ NASCIMENTO,(98)83478302,12/14/1992,31,1,,SÃO LUIS,DOR LAR,1,1,2º GRAU COMPLETO,,2,,,,2,2,,,,2,,,,2,,,2,2,2,2,,2,,3,G1P1A0,1,1,0,2,,3,2,,1,1 PRIMA,1,MÃE,1,MÃE,2,,2,,2,,,2,55.2,1.55,22.9,73,,87,39,45,45,103,60,76,SIM,CERVICAL/AXILA E VIRILHA,6,4,14,5,2.8,,,291,23.4,94,10.8,102,5.5,1.4,21,0.8,>90,18,28,25,59,2.1,1.3,,217,124,38,449,179,55,,4,,,,ESTEATOSE HEPÁTICA LEVE / MICROLITÍASE EM RIM DIREITO,22.5,1.208,7.88,4.05,716,24.6,3.64,1.78,13.8,18.9,20.7,18.4,,,,,,,,,,,FE 68% / INSUFICIÊNCIA MITRAL E TRICÚSPIDE DE GRAU DISCRETO,,,NORMAL,NORMAL,TESTE GENÉTICO + PARA LPF TIPO 2
57,30/10/2024,5147670,DANUSIA CRISTINA SANTANA LEITE,(98)987698192,7/29/1984,40,1,,SANTA RITA-MA,DO LAR,3,2,2º GRAU COMPLETO,,1,07 ANOS,METFORMINA/PIOGLITAZONA/GLIBENCLAMIDA,2/30/10,2,1,04 ANOS,LOSARTANA/ANLODIPINO,"50/2,5",1,04 ANOS,SINVASTATINA,20,1,,,2,2,2,2,,2,,1,G5P3A2,5,3,2,2,,1,2,,1,PAI/IRMÃO,1,PAI/IRMÃO,1,MÃE,2,,2,,2,,,2,90.3,1.62,34.4,117,,109,37,52,50,117,71,98,SIM,CERVICAL/AXILA E VIRILHA,8,6,12,7,1.71,NORMAL,,289,,41,4.84,292,8.7,11.4,29,0.55,>90,56,58,57,50,"<0,05",1.2,,134,58,52,165,82,24,,188,,,,,,,8.02,,1.369,49.7,,1.45,34,21,,38.5,,,,,,,,,,,FE 68% / NORMAL,F2/S3,,NORMAL,"VOLUME NORMAL, TEXTURA HETEROGÊNEA, CONTORNOS REGULARES, COM NÓDULOS: LD: N1 1/3 SUP NÓDULO MISTO ISOECOICO 1,2 X 0,3 X 0,8CM (TIRADS 2) N2 1/3 MÉDIO: NÓDULO CÍSTICO, 0,5 X 0,2 X 0,5CM (TIRADS 1) LE: VÁRIOS CISTOS, O MAIOR MEDINDO 0,9X0,4CM.",TESTE GENÉTICO NEGATIVO
58,30/10/2024,49875,IGOR NELSON SILVA SOARES,(98)988933441,11/16/1986,37,2,,SÃO LUIS,MOTORISTA,3,4,2º GRAU COMPLETO,,2,,,,2,1,3 MESES,ENALAPRIL,5,1,02 ANOS,CIPROFIBRATO/ROSUVASTATINA,100/20,2,,,2,2,2,2,,1,,4,,,,,3,,1,2,,2,,1,MÃE,1,MÃE,2,,1,MÃE,2,,,2,131,1.83,39.11,123,,128,43,61,59,140,100,69,SIM,CERVICAL/AXILA E VIRILHA,9,8,15,8,1.87,,,,,,,,,,,,,,,,,,,,,,,,,,,,,,,ESTEATOSE HEPÁTICA MODERADA,,,,,,,,,,,,,,,,,,,,,,,,F0/F1/S3,,,,DEFICIENCIA DE APO A-5
59,12/4/2024,15117812,MARIA DE NAZARE NASCIMENTO ALVES CORREA,(98)988889851 // (98)98136-6394,1/16/1967,57,1,,ITAPECURU-MA,DO LAR,3,1,1º GRAU COMPLETO,,1,07 ANOS,NPH/IR/METFORMINA,62/33/850,2,1,5 ANOS,LOSARTANA/HCTZ,50/25,1,07 ANOS,SINVASTATINA,40,2,,,2,2,2,2,,2,,4,G4P4A0,4,4,0,1,11 ANOS,1,2,,1,MÃE,1,MÃE,1,"MÃE, 3 IRMÃOS",2,,1,IRMÃO,2,,,2,48.3,146.5,22.65,85,,91,35,38,37,130,70,80,NÃO,,4,4,6,2,3,RDNP LEVE,,,,,,,,,,,,,,,,,,,,,,,,,,332,,,,"CISTO EM RIM DIREITO, CÁLCULO RENAL BILATERAL, SINAIS DE CALIPIEOLOECTASIA À ESQUERDA",,,,,,,,,,,,,,,,,,,,,,,,,,,,TESTE GENÉTICO NEGATIVO
60,12/11/2024,12784834,MARIA BARBARA COSTA CANTANHEIDE,(98)988664534,12/4/1953,71,1,,SÃP BENTO-MA,APOSENTADA,3,2,2º GRAU COMPLETO,,1,41 ANOS,NPH/GLICLAZIDA/DAPAGLIFLOZINA/METFORMINA,22/90/10/2,2,1,41 ANOS,ATENOLOL/ENALAPRIL/HCTZ/ANLODIPINO,"50/20/12,5/10",1,41 ANOS,ROSUVASTATINA,40,2,,,2,2,2,2,,2,,4,G0,0,,,1,,5,2,,1,1 IRMÃ,1,IRMÃ,1,4 IRMÃOS,2,,1,IRMÃ,2,,,2,49.4,1.48,22.55,87,,87,33.5,37.5,37.5,160,60,66,NÃO,,4,4,8,3,2.88,,,100,,,2.2,88,9.2,5.1,32,0.58,>90,21,37,20,52,,1.2,,103,40,38,177,65,25,,,22,,,ESTEATOSE HEPATICA LEVE,,,,,,,,,,,,,,,,,,,,,,,FE 62% / ALTERAÇÃO DE RELAXAMENTO DE VE,,,,"NÓDULOS ESPONGIFORMES (TIRADS 1) EM LE, MEDEM ATÉ 0.9CM. NÓDULOS PREDOMINANTEMENTE SÓLIDOS COM CONTEÚDO SÓLIDO ISOECOGÊNICO, CIRCUNSCRITOS, MAIS LARGOS QUE ALTOS (TIRADS 3) NO LD, 1/3 INF 0.8X0.6X0.5CM E 1/3 SUP 0.4X0.3X0.2CM",TESTE GENÉTICO NEGATIVO
61,12/11/2024,1899880,ROSA VIEIRA DA SILVA GOMES,(98)988136043,4/5/1966,58,1,,SÃO LUIS,DO LAR,3,2,FUNDAMENTAL INCOMPLETO,,1,5 ANOS,METFORMINA,2,2,1,5 ANOS,LOSARTANA,100,1,23 ANOS,CIPROFIBRATO/ATORVASTATINA,100/80,2,,,2,2,2,2,,2,,4,G2P2A0,2,2,0,1,6 ANOS,5,2,,1,2 IRMÃS,1,"PAI, MÃE, 14 IRMÃOS",1,"PAI, MÃE, 14 IRMÃOS",1,"PAI, MÃE, 6 IRMÃOS",2,,2,,,2,62.1,1.51,27.23,89,,94,32.5,44,42,97,68,70,NÃO,,14,10,12,10,1.2,NORMAL,,,,,,,,,,,,,,,,,,,,,,,,,,,8.45,,,ESTEATOSE HEPÁTICA MODERADA,,,,,,,,,,,,,,,,,,,,,,,FE 71% / NORMAL,,,,"2 IMAGENS ANECOICAS NO POLO INFERIOR BORDA ANTERIOR, MEDINDO 0.29X0.4 E 0.3X0.2CM (TIRADS 1)",TESTE GENÉTICO NEGATIVO
62,24/04/2025,13797506,MOISES MENDES DA SILVA SIRINO,(99) 98538-6306,21/10/2015,9,2,9,PASTOS BONS,,3,1,1° GRAU INCOMPLETO,,2,,,2,2,2,,,,2,,,,2,,,2,2,2,2,,2,,4,,,,,3,,5,2,,2,,2,,1,MÃE,2,,2,,2,,,2,30,1.33,16.95,64,,69,29,36,35,,,89,NÃO,,3,2,4,4,1,,,117,,7,,84,5.5,<0.7,22,0.34,>90,27,43,12,110,2.8,1.4,,132,84,28,105,104,20,,4,,,,HEPATOMEGALIA LEVE,,,,,,,,,,,,,,,,,,,,,,,FE 63% / FORAME OVAL PERMEÁVEL,,,,,TESTE GENÉTICO POSITIVO CAV1 / HOMOZIGOSE
63,12/06/2025,16132238,ISAQUE EMANUEL MENDES DA SILVA SIRINO,(99) 98538-6306,19/11/2024,6M,2,6M,PASTOS BONS,,3,1,,,2,,,,2,2,,,,2,,,,2,,,2,2,2,2,,2,,4,,,,,3,,1,2,,2,,2,,1,MÃE,2,,2,,2,,,2,7.2,0.64,17.57,45.5,,,26.5,22.5,22.5,,,,,,,,,,,,,69,,4,1.34,97,5,0.7,11,0.22,>90,50,84,26,236,5.8,1.5,,119,69,27,151,92,23,,,,,,,,,,,,,,,,,,,,,,,,,,,,,,,,,,TESTE GENÉTICO POSITIVO CAV1 / HOMOZIGOSE
64,24/04/2025,15879534,ANTONIO EVERTON DA SILVA SIRINO,(99) 98538-6306,19/10/1983,41,2,41,PASTOS BONS,LAVRADOR,3,2,1º GRAU INCOMPLETO,,2,,,,2,2,,,,2,,,,2,,,2,2,2,3,13,3,13,4,,,,,3,,1,2,,2,,1,MÃE,1,PAI,2,,2,,2,,,2,74,1.56,30.4,98,,104,38,46,45,120,80,80,NÃO,,12,10,20,9,2.22,,,150,,6,1.49,99,5.2,2.9,22,0.87,>90,16,23,25,40,3.1,1.1,,162,81,60,113,102,21,,,<3.0MG/L,,,"CISTOS RENAIS BILATERAIS, ALGUNS DELES SEPTADOS",,,,,,,,,,,,,,,,,,,,,,,,,,,,TESTE GENÉTICO POSITIVO CAV1  / HETEROZIGOSE
65,29/05/2025,15879526,JULIANA MENDES DA SILVA SIRINO,(99) 98538-6306,02/11/1996,28,1,28,PASTOS BONS,DO LAR,3,2,2º GRAU COMPLETO,,2,,,,2,1,10 ANOS,ABLOK PLUS ,25+15MG,2,,,,2,,,2,2,2,2,,2,,4,SIM,4,3,1,2,,1,2,,2,,1,MÃE,1,MÃE E PAI,2,,2,,2,,,2,79.9,1.45,37.7,,,,,,,,,,,,,,,,,,,186,,20,2.73,87,5.1,45.7,19,0.52,>90,20,18,15,82,2.1,1.3,,243,143,79,98,164,21,,,,,,,,,,,,,,,,,,,,,,,,,,,,,,,,,,TESTE GENÉTICO POSITIVO CAV1  / HETEROZIGOSE
66,02/06/2025,1389904,MARIA ISAURA DE SOUSA,(98) 99162-9738,07/03/1961,64,1,64,VARGEM GRANDE,APOSENTADA,3,1,4,,1,20 ANOS,METFORMINA / INPH / DAPAGLIFLOZINA,850MG 3X / 58UI / 10MG,2,2,,,,1,20 ANOS,SINVASTATINA,40MG,1,HASHIMOTO,07 ANOS,2,2,2,3,,3,,4,SIM,3,3,0,1,14 ANOS,1,2,,1,FILHA,1,MÃE,2,,2,,2,,2,,,2,65.7,1.52,28.43,103,,91,33,42,42,130,70,82,NÃO,,6,9,20,4,5,"RETINOPATIA DIABÉTICA TRATADA EM OD, CATARATA EM OLHO ESQUERDO",,,,,,,,,,,,,,,,,,,,,,,,,,,,,,ESTEATOSE HEPÁTICA LEVE,,,,,,,,,,,,,,,,,,,,,,,,,,,,TESTE GENÉTICO NEGATIVO
67,25/06/2025,16126130,SAFIRA GOMES DE OLIVEIRA,(98)98449-2925,18/03/2024,1,1,1,SÃO LUIS,,3,1, ,"PALATO OGIVAL, HIPERTELORISMO OCULAR, SUTIL ROTAÇÃO DA ORELHA",2,,,,2,,,,,2,,,,2,,,2,2,2,2,,2,,4,NÃO,0,0,0,2,,1,2,,2,,2,,2,,2,,2,,2,,,2,9.8,74,17.89,,,,,,,,,,SIM,3,,,,,,,,93,,9,2.08,88,4.8,0.7,14,0.32,>90,36,25,9,206,2.4,1.4,,100,48,34,93,66,18,,,6,,,SEM ALTERAÇÕES.,,,,,,,,,,,,,,,,,,,,,,,,,,,,TESTE GENÉTICO POSITIVO PARA LIPODISTROFIA GENERALIZADA TIPO 1 (AGPAT2) 2 CÓPIAS EM HETEROZIGOSE
68,25/06/2025,9455477,TATIANA CRISTINA DA SILVA CORREA,(98) 98773-5892,26/05/1978,46,1,46,SÃO LUIS ,DOMESTICA,3,4,2º GRAU COMPLETO,,1,03 ANOS,METFORMINA / INPH / IR,1.5G / 56 UI / 14UI,2,1,03 ANOS,BRASART HCT / SELOZOK,320+12.5MG / 50MG,1,03 ANOS,CIPROFIBRATO,100MG,2,,,2,2,2,2,,2,,3,NÃO,0,0,0,2,,1,2,,2,,1,04 IRMÃOS,1,04 IRMÃOS,2,,1,03 IRMÃOS,2,,,2,60,1.5,26.6,89,,90,34,50,50,140,80,80,SIM,1.3.4,11,10,22,6,3.6,,,,,,,,,,,,,,,,,,,,,,,,,,,,,,,,,,,,,,,,,,,,,,,,,,,,,,,,,,,
69,18/06/2025,15534170,MARIA HELENA DA SILVA NUNES,(63) 991103755,22/06/2017,7,1,7,ARAGUAÍNA-MA,,3,1,1º GRAU INCOMPLETO,,2,,,,2,2,,,,2,,,,2,,,2,2,2,2,,2,,4,NÃO,0,,,2,,5,2,,1,"AVÔ MATERNO, MÃE E TIAS",1,AVÓS MATERNOS,1,"AVÔ MATERNO, MÃE E TIAS",1,AVÔ MATERNO ,2,,2,,,2,25.7,1.21,17.55,57,,64,26,37,37,,,96,NÃO,,8,7,7,7,1,,,,,,,85,5.3,,31,0.47,>90,32,16,18,310,1.5,1.3,,138,79,41,94,97,18,,,,,,,,,,,,,,,,,,,,,,,,,,,,,,,,,,TESTE GENÉTICO POSITIVO PARA LMNA / HETEROZIGOSE
70,31/07/2025,13921916,ESTER DA COSTA RIBEIRO,(99) 984626705,06/03/2012,13,1,13,PAÇOS BONS,,3,1,1º GRAU INCOMPLETO,ACANTOSE + PERDA DE TECIDO ADIPOSO SUBCUTÂNEO GENERALIZADO,2,,,,2,2,,,,1,1 ANO,NÃO,,2,,,2,2,2,2,,2,,,NÃO,0,,,2,,1,2,,1,AVÔ MATERNO,1,AVÔ MATERNO,1,"MÃE, AVÔ MATERNO E AVÓ PATERNA",1,MÃE,2,,2,,,1,42,1.47,19.43,69,,78,30,32.5,32.5,,,82,SIM,"AXILA, CERVICAL E VIRILHA",,,,,,,,115,,42,4.37,80,6.9,0.7,19,0.33,>90,78,75,74,171,1.3,1.2,,177,112,22,320,155,43,,,45,,,NORMAL,,,,,,,,,,,,,,,,,,,,,,,FE 70%. SEM ALTERAÇÕES.,,,,,TESTE GENÉTICO POSITIVO CAV1 / HOMOZIGOSE
71,27/08/2025,16098137,DELVES COSTA LOPES,(98) 988618268,31/01/1971,54,1,54,PINHEIROS - MA,COMERCIANTE,3,2,2º GRAU INCOMPLETO,,,,,,,,,,,,,,,,,,,,,,,,,,,,,,,,,,,,,,,,,,,,,,,,,,,,,,,,,,,,,,,,,,,,,,,,,,,,,,,,,,,,,,,,,,,,,,,,,,,,,,,,,,,,,,,,,,,,,,,,,,,,,,
,DATA DA ENTREVISTA,PRONTUÁRIO,NOME,FONE,DATA DE NASCIMENTO,IDADE NA ENTREVISTA,SEXO,IDADE ATUAL ,NATURALIDADE,PROFISSÃO,COR,ESTADO CIVIL,ESCOLARIDADE,SINAIS E SINTOMAS,AMP - DM,TEMPO,MEDICAÇÃO,DOSE,AMP PRE-DM,AMP - HAS,TEMPO,MEDICAÇÃO,DOSE,AMP - DISLIPIDEMIA,TEMPO,MEDICAÇÃO,DOSE,DAI,QUAL?,TEMPO,Pancreatite,Doença coronariana,bronquiectasia,TABAGISMO,Quanto tempo,ETILISMO,Quanto tempo,MENSTRUAÇÃO,GESTAÇÃO,G,P,A,MENOPAUSA,TEMPO,EXERCICO,HF - DM1,,HF - DM2,QUEM,HF - DISLIPIDEMIA,QUEM,HF - HAS,QUEM,DOENCA CARDIOVASCULAR,QUEM,OBESIDADE,QUEM,DOENÇA AUTOIMUNE,QUEM,QUAL,PAIS CONSANGUINEOS,PESO,ALTURA,IMC,CA,CLASSIFICAÇÂO,CQ,CP,CCD,CCE,PAS,PAD,FC,AN,LOCAL,PREGA DE COXA,PREGA DE BRAÇO ESQUERDO,PREGA SUESCAPULAR,PREGA  DA PANTURRILHA,ÍNDICE DE KÖB,MR,ESCORE Ca,IGF-1,HOMA-IR,INSULINA,PEPTIDEO C,GJ,HBA1C,LEPTINA,UR,CR,Função Renal,TGO,TGP,GGT,FA,TSH,T4L,CPK,CT,LDL,HDL,TG,N-HDL,VLDL,TTGO,ALBUMINURIA,MICROALBUMINURIA,RA/CR,,US DE ABDOME,IMC,DMO,IMMA,IMG,GV,ANDROIDE,GT/GP,A/G,GINÓIDE,MMA,MM - TRONCO,%GC,MGMMII,MMMMI,MGMMSS,MMMMSS,MMTRO,MGTR,,,,,ECO,ELASTOGRAFIA,ELASTOGRAFIA POR ULTRASSONOGRAFIA,DOPPLER DE CARÓTIDAS ,US DE TIRÓIDE,TESTE GENÉTICO
,,,,,,,,,,,,,,,,,,,,,,,,,,,,,,,,,,,,,,,,,,,,,,,,,,,,,,,,,,,,,,,,,,,,,,,,,,,,,,,,,,,,,,,,,,,,,,,,,,,,,,,,,,,,,,,,,,,,,,,,,,,,,,,,,,,,,,,,,,,
,,,,,,,,,,,,,,,,,,,,,,,,,,,,,,,,,,,,,,,,,,,,,,,,,,,,,,,,,,,,,,,,,,,,,,,,,,,1; CERVICAL,,,,,,,,,,,,,,,,,,,,,,,,,,,,,,,,,,,,,,,,,,,,,,,,,,,,,,,,,,,,,,,,
,,,,,,,,,,,,,,,,,,,,,,,,,,,,,,,,,,,,,,,,,,,,,,,,,,,,,,,,,,,,,,,,,,,,,,,,,,,2; NUCA,,,,,,,,,,,,,,,,,,,,,,,,,,,,,,,,,,,,,,,,,,,,,,,,,,,,,,,,,,,,,,,,
,,,,,,,,,,,,,,,,,,,,,,,,,,,,,,,,,,,,,,,,,,,,,,,,,,,,,,,,,,,,,,,,,,,,,,,,,,,3; AXILAS,,,,,,,,,,,,,,,,,,,,,,,,,,,,,,,,,,,,,,,,,,,,,,,,,,,,,,,,,,,,,,,,
,,,,,,,,,,,,,,,,,,,,,,,,,,,,,,,,,,,,,,,,,,,,,,,,,,,,,,,,,,,,,,,,,,,,,,,,,,,4; VIRILHA,,,,,,,,,,,,,,,,,,,,,,,,,,,,,,,,,,,,,,,,,,,,,,,,,,,,,,,,,,,,,,,,
,,,,,,,,,,,COR: 01 BRANCA/02 PRETA/03 PARDA-MULATA/ 04 AMARELA/ 05 INDIGENA,,,,1 = sim,,,,,,,,,,,,,,,,,,,,,,,,,,,,,,,,,,,,,,,,,,,,,,,,,,,,,,,,,,,,5. NÁDEGAS,,,,,,,,,,,,,,,,,,,,,,,,,,,,,,,,,,,,,,,,,,,,,,,,,,,,,,,,,,,,,,,,
,,,,,,,,,,,,,,,2 = não,,,,,,,,,,,,,,,,,,,,,,,,,,,,,,,,,,,,,,,,,,,,,,,,,,,,,,,,,,,,,,,,,,,,,,,,,,,,,,,,,,,,,,,,,,,,,,,,,,,,,,,,,,,,,,,,,,,,,,,,,,,,
,,,,,,,,,,,,ESTADO CIVIL: 01 SOLTEIRO/02 CASADO/03 SEPARADO/04 UNIÃO ESTÁVEL / 05 DIVORCIADO,,,,,,,,,,,,,,,,,,,,,,,,,,,,,,,,,,,,,,,,,,,,,,,,,,,,,,,,,,,,,,,,,,,,,,,,,,,,,,,,,,,,,,,,,,,,,,,,,,,,,,,,,,,,,,,,,,,,,,,,,,,,,,,
,,,,,,,,,,,,,,,,,,,,,,,,,,,,,,,,,,,,,,,,,,,,,,,,,,,,,,,,,,,,,,,,,,,,,,,,,,,,,,,,,,,,,,,,,,,,,,,,,,,,,,,,,,,,,,,,,,,,,,,,,,,,,,,,,,,,,,,,,,,
,,,,,,,SEXO: 01 = FEMININO; 02 = MASCULINO,,,,,,,,,,,,,,,,,,,,,,,,,,,,,,,,,,,,,,,,,,,,,,,,,,,,,,,,,,,,,,,,,,,,,,,,,,,,,,,,,,,,,,,,,,,,,,,,,,,,,,,,,,,,,,,,,,,,,,,,,,,,,,,,,,,,
